TITULO_ORIGINAL;CRT;DATA_REQUERIMENTO_CRT;DATA_EMISSAO_CRT;DATA_VALIDADE_CRT;SITUACAO_CRT;PAIS;PRODUTO_SERVICO_ANUNCIADO;TIPO_PUBLICIDADE;QTD_VERSOES;CRTS_VERSOES;CLASSIFICACAO_OBRA;SEGMENTO;DURACAO_SEGUNDOS;PRODUTOR;DIRETOR;AGENCIA;CNPJ_AGENCIA;ANUNCIANTE;CNPJ_ANUNCIANTE;REQUERENTE;REGISTRO_ANCINE_REQUERENTE;CNPJ_REQUERENTE;UF_REQUERENTE;MUNICIPIO_REQUERENTE
611;20260085310002;01/04/2026;01/04/2026;01/04/2027;REGISTRADO;;PROMOCIONAL;COMUM;;;OBRA AUDIOVISUAL PUBLICITÁRIA BRASILEIRA FILMADA/GRAVADA NO BRASIL;TODOS OS SEGMENTOS DE MERCADO;30;PRO - MAKER VIDEO PRODUCOES LTDA;LEONARDO HENRIQUE GONCALVES;J. NERI COMUNICACAO E PROPAGANDA LTDA. - ME;18.957.060/0001-62;ABRAPA ASSOCIACAO BRASILEIRA DE APOIO AOS PORTADORES DE AIDS;07.055.645/0001-70;PRO - MAKER VIDEO PRODUCOES LTDA;27652;20.737.505/0001-40;PR;CASCAVEL
A TODA HORA COMP TARIFÁRIA;20260085940006;01/04/2026;;01/04/2027;CADASTRADO;;Energia;COMUM;5;20260085940011|20260085940020|20260085940038|20260085940046|20260085940054;OBRA AUDIOVISUAL PUBLICITÁRIA BRASILEIRA FILMADA/GRAVADA NO BRASIL;RADIODIFUSÃO DE SONS E IMAGENS (TV ABERTA);30;9D STUDIO COMÉRCIO E SERVIÇOS LTDA.;DANIEL DA COSTA GOMES MARTINS;ARPEJO - EDICAO LTDA - ME;10.655.973/0001-12;COMPANHIA DE ELETRICIDADE DO AMAPÁ - CEA;05.965.546/0001-09;9D STUDIO COMÉRCIO E SERVIÇOS LTDA.;37784;05.800.079/0001-59;MA;SAO LUIS
AIR EUROPA;20260084060002;31/03/2026;01/04/2026;31/03/2027;REGISTRADO;;COMPANHIA AÉREA;COMUM;3;20260084060018|20260084060026|20260084060034;OBRA AUDIOVISUAL PUBLICITÁRIA BRASILEIRA FILMADA/GRAVADA NO BRASIL;TODOS OS SEGMENTOS DE MERCADO;60;VIVA RTV PRODUÇÕES E EVENTOS LTDA;CYPRIANO IORIO NETO;TMC COMUNICACAO LTDA - ME;09.246.812/0001-96;AIR EUROPA LÍNEAS AÉREAS S.A.U.;02.204.537/0001-07;VIVA RTV PRODUÇÕES E EVENTOS LTDA;35091;26.473.949/0001-00;SP;SAO PAULO
ALIANÇA_MOVEIS_OFERTAS_60;20260086120002;01/04/2026;;01/04/2027;CADASTRADO;;PRODUTO;COMUM;5;20260086120018|20260086120026|20260086120034|20260086120042|20260086120050;OBRA AUDIOVISUAL PUBLICITÁRIA BRASILEIRA FILMADA/GRAVADA NO BRASIL;RADIODIFUSÃO DE SONS E IMAGENS (TV ABERTA);60;FELICE E ROMERO STUDIO LTDA;WILLIAN ROBERT FELICE;CENTURY CONSULT E GESTÃO DE SER EMPR LTDA;11.209.419/0001-74;ALIANÇA MÓVEIS;13.030.852/0001-73;FELICE E ROMERO STUDIO LTDA;33069;23.045.864/0001-25;PR;CURITIBA
ALTA VISTA MANGARÁ;20260085420002;01/04/2026;;01/04/2027;CADASTRADO;;CONSTRUTORA;COMUM;5;20260085420018|20260085420026|20260085420034|20260085420042|20260085420050;OBRA AUDIOVISUAL PUBLICITÁRIA BRASILEIRA FILMADA/GRAVADA NO BRASIL;RADIODIFUSÃO DE SONS E IMAGENS (TV ABERTA);30;XP FILMES PRODUTORA LTDA;LEANDRO PONTOGLIO DO PRADO;REM MARKETING LTDA;41.191.027/0001-96;JARDIM SALINAS EMPREENDIMENTOS IMOBILIARIOS LTDA;57.505.986/0001-79;XP FILMES PRODUTORA LTDA;17990;12.600.077/0001-81;SP;RIBEIRAO PRETO
ANIVER JAC 30S;20260086180005;01/04/2026;01/04/2026;01/04/2027;REGISTRADO;;GOVERNO MUNICIPAL;COMUM;5;20260086180010|20260086180029|20260086180037|20260086180045|20260086180053;OBRA AUDIOVISUAL PUBLICITÁRIA BRASILEIRA FILMADA/GRAVADA NO BRASIL;RADIODIFUSÃO DE SONS E IMAGENS (TV ABERTA);30;GPM VIDEOS LTDA;GIAN PIERO MANETTI;MESTRA COMUNICACAO LTDA - ME;08.737.006/0001-58;MUNICIPIO DE JACAREI;46.694.139/0001-83;GPM VIDEOS LTDA;21682;12.080.668/0001-75;SP;SAO JOSE DOS CAMPOS
AS CENTENARIAS;20260076840002;24/03/2026;01/04/2026;24/03/2027;REGISTRADO;;PEÇA DE TEATRO;COMUM;5;20260076840018|20260076840026|20260076840034|20260076840042|20260076840050;OBRA AUDIOVISUAL PUBLICITÁRIA BRASILEIRA FILMADA/GRAVADA NO BRASIL;TODOS OS SEGMENTOS DE MERCADO;15;E C P CARDOSO EMPREENDIMENTOS CULTURAIS;EDUARDO CHAMON PEREIRA CARDOSO;;NÃO INFORMADO;AGAPA CRIACAO E PRODUCAO CULTURAL LTDA;04.737.083/0001-57;E C P CARDOSO EMPREENDIMENTOS CULTURAIS;13682;09.231.029/0001-59;RJ;RIO DE JANEIRO
ASAAS;20260085570004;01/04/2026;;01/04/2027;CADASTRADO;;ASAAS;COMUM;5;20260085570010|20260085570028|20260085570036|20260085570044|20260085570052;OBRA AUDIOVISUAL PUBLICITÁRIA BRASILEIRA FILMADA/GRAVADA NO BRASIL;TODOS OS SEGMENTOS DE MERCADO;30;BRUNO ATKINSON ME;BRUNO ATKINSON;LOJA DOCE COMUNICACAO LTDA;18.211.455/0001-11;ASAAS GESTAO FINANCEIRA S.A.;19.540.550/0001-21;BRUNO ATKINSON ME;42527;22.169.243/0001-90;SP;VALINHOS
ATC COSTA;20260064210009;11/03/2026;01/04/2026;11/03/2027;REGISTRADO;;SUPERMERCADO;COMUM;50;20260064210014|20260064210022|20260064210030|20260064210049|20260064210057|20260064210065|20260064210073|20260064210081|20260064210090|20260064210103|20260064210111|20260064210120|20260064210138|20260064210146|20260064210154|20260064210162|20260064210170|20260064210189|20260064210197|20260064210200|20260064210219|20260064210227|20260064210235|20260064210243|20260064210251|20260064210260|20260064210278|20260064210286|20260064210294|20260064210308|20260064210316|20260064210324|20260064210332|20260064210340|20260064210359|20260064210367|20260064210375|20260064210383|20260064210391|20260064210405|20260064210413|20260064210421|20260064210430|20260064210448|20260064210456|20260064210464|20260064210472|20260064210480|20260064210499|20260064210502;OBRA AUDIOVISUAL PUBLICITÁRIA BRASILEIRA FILMADA/GRAVADA NO BRASIL;RADIODIFUSÃO DE SONS E IMAGENS (TV ABERTA);30;Y LIMA PRODUTORA DE VIDEOS LTDA;YASMIN DE LIMA PEREIRA;;NÃO INFORMADO;COSTA MULTICANAL S/A;27.289.076/0018-83;Y LIMA PRODUTORA DE VIDEOS LTDA;64393;30.668.023/0001-30;GO;GOIANIA
AVIÃO B;20260085340009;01/04/2026;;01/04/2027;CADASTRADO;;SPORTSBOOK;COMUM;5;20260085340014|20260085340022|20260085340030|20260085340049|20260085340057;OBRA AUDIOVISUAL PUBLICITÁRIA BRASILEIRA FILMADA/GRAVADA NO BRASIL;TODOS OS SEGMENTOS DE MERCADO;30;SEIVA PRODUCAO DE FILMES LTDA;MIGUEL THOME OLIARI;WIEDEN + KENNEDY BRASIL COMUNICAÇÃO LTDA;12.339.942/0001-88;KAIZEN GAMING BRASIL LTDA.;46.786.961/0001-74;SEIVA PRODUCAO DE FILMES LTDA;47904;40.473.692/0001-00;SP;SAO PAULO
AZ_ANO-NOVO_CAU_2025;20250419910002;22/12/2025;01/04/2026;22/12/2026;REGISTRADO;;calçados;COMUM;;;OBRA AUDIOVISUAL PUBLICITÁRIA BRASILEIRA FILMADA/GRAVADA NO BRASIL;RADIODIFUSÃO DE SONS E IMAGENS (TV ABERTA);15;CLARISSA FERREIRA BARROS;CICERO SEBASTIAO COSMO DA SILVA;CLARISSA FERREIRA BARROS;34.585.762/0001-19;AZTECA L15 COMERCIO VAREJISTA DE CALCADOS LTDA;52.246.026/0001-18;CLARISSA FERREIRA BARROS;58828;34.585.762/0001-19;CE;JUAZEIRO DO NORTE
AZ_CARNAVAL_MARAC_2026;20260032800005;06/02/2026;01/04/2026;06/02/2027;REGISTRADO;BRASIL;CALÇADOS;COMUM;;;OBRA AUDIOVISUAL PUBLICITÁRIA BRASILEIRA FILMADA/GRAVADA NO BRASIL;RADIODIFUSÃO DE SONS E IMAGENS (TV ABERTA);15;CLARISSA FERREIRA BARROS;CICERO SEBASTIAO COSMO DA SILVA;CLARISSA FERREIRA BARROS;34.585.762/0001-19;AZTECA L16 COMERCIO VAREJISTA DE CALCADOS LTDA;55.816.478/0001-86;CLARISSA FERREIRA BARROS;58828;34.585.762/0001-19;CE;JUAZEIRO DO NORTE
Anapolis GWM 4x4 ANA;20260085490000;01/04/2026;01/04/2026;01/04/2027;REGISTRADO;;CARRO;COMUM;;;OBRA AUDIOVISUAL PUBLICITÁRIA BRASILEIRA FILMADA/GRAVADA NO BRASIL;RADIODIFUSÃO DE SONS E IMAGENS (TV ABERTA);30;CAPADOCIA PRODUCOES LTDA;GUSTAVO FERREIRA CAIXETA;;NÃO INFORMADO;NAVESA MOTORS LTDA;48.952.219/0001-17;CAPADOCIA PRODUCOES LTDA;49232;40.158.696/0001-01;GO;ANAPOLIS
AÇÃO MARABÁ;20260085190007;01/04/2026;01/04/2026;01/04/2027;REGISTRADO;BRASIL;MAB 113 ANOS;COMUM;;;OBRA AUDIOVISUAL PUBLICITÁRIA ESTRANGEIRA;RADIODIFUSÃO DE SONS E IMAGENS (TV ABERTA);60;;;GRIFFO COMUNICACAO E JORNALISMO LTDA;04.144.804/0001-15;SECRETARIA MUNICIPAL DE ADMINISTRACAO;27.993.108/0001-89;BRENO SANTOS POMPEU DE MIRANDA;43061;PESSOA FÍSICA;PA;MARABA
AÇÃO MARABÁ;20260085210008;01/04/2026;01/04/2026;01/04/2027;REGISTRADO;BRASIL;MAB 113 ANOS;COMUM;5;20260085210013|20260085210021|20260085210030|20260085210048|20260085210056;OBRA AUDIOVISUAL PUBLICITÁRIA ESTRANGEIRA;RADIODIFUSÃO DE SONS E IMAGENS (TV ABERTA);60;;;GRIFFO COMUNICACAO E JORNALISMO LTDA;04.144.804/0001-15;SECRETARIA MUNICIPAL DE ADMINISTRACAO;27.993.108/0001-89;BRENO SANTOS POMPEU DE MIRANDA;43061;PESSOA FÍSICA;PA;MARABA
BALANÇO ABRIL 26;20260085360000;01/04/2026;;01/04/2027;CADASTRADO;;INSTITUCIONAL;COMUM;5;20260085360015|20260085360023|20260085360031|20260085360040|20260085360058;OBRA AUDIOVISUAL PUBLICITÁRIA BRASILEIRA FILMADA/GRAVADA NO BRASIL;TODOS OS SEGMENTOS DE MERCADO;60;TERRAVISTA FILMES LTDA;EDNEI DE SOUZA MARTINS;EBM QUINTTO COMUNICACAO LTDA;14.470.051/0001-91;CASA CIVIL;09.469.891/0001-02;TERRAVISTA FILMES LTDA;25564;18.869.787/0001-98;CE;FORTALEZA
BEIRAABR0126;20260085830006;01/04/2026;01/04/2026;01/04/2027;REGISTRADO;BRASIL;SUPERMERCADO;COMUM;;;OBRA AUDIOVISUAL PUBLICITÁRIA ESTRANGEIRA;RADIODIFUSÃO DE SONS E IMAGENS (TV ABERTA);15;;;S L FARIA PUBLICIDADE E PROPAGANDA LTDA;53.668.130/0001-63;COMERCIO DE CEREAIS BEIRA RIO BARRA MANSA LTDA;12.012.185/0001-33;SERGIO LEITE FARIA;42707;PESSOA FÍSICA;RJ;VOLTA REDONDA
Barão de Mauá Medicina Campanha ENAMED 2026;20260086030003;01/04/2026;01/04/2026;01/04/2027;REGISTRADO;;Campanha ENAMED 2026;COMUM;;;OBRA AUDIOVISUAL PUBLICITÁRIA BRASILEIRA FILMADA/GRAVADA NO BRASIL;TODOS OS SEGMENTOS DE MERCADO;30;PRODUXIA PRODUTORA AUDIOVISUAL IA LTDA;ALEXANDRE DE SOUZA ROCHA;6P MARKETING & PROPAGANDA LTDA - EPP;01.332.004/0001-30;ORGANIZACAO EDUCACIONAL BARAO DE MAUA;56.001.480/0001-60;PRODUXIA PRODUTORA AUDIOVISUAL IA LTDA;64212;62.800.976/0001-04;SP;RIBEIRAO PRETO
Berlanda Day 15;20260085960007;01/04/2026;01/04/2026;01/04/2027;REGISTRADO;;Berlanda Day;COMUM;5;20260085960012|20260085960020|20260085960039|20260085960047|20260085960055;OBRA AUDIOVISUAL PUBLICITÁRIA BRASILEIRA FILMADA/GRAVADA NO BRASIL;RADIODIFUSÃO DE SONS E IMAGENS (TV ABERTA);15;LABFILMES LTDA;MATHEUS ENNULAT;FREE REICHERT COMUNICAÇÃO LTDA;80.069.289/0001-34;DB S.A COMERCIO DE MOVEIS E ELETRODOMESTICOS;09.313.141/0217-21;LABFILMES LTDA;46212;27.266.926/0001-80;SC;INDAIAL
CH_BG_CURITIBA_15;20260079140001;26/03/2026;01/04/2026;26/03/2027;REGISTRADO;;BG CURITIBA;COMUM;5;20260079140017|20260079140025|20260079140033|20260079140041|20260079140050;OBRA AUDIOVISUAL PUBLICITÁRIA BRASILEIRA FILMADA/GRAVADA NO BRASIL;OUTROS MERCADOS;15;53.887.124 BRUNA VENANCIO;BRUNA VENANCIO;;NÃO INFORMADO;TV INDEPENDENCIA LTDA;79.107.918/0001-94;53.887.124 BRUNA VENANCIO;58217;53.887.124/0001-05;PR;CURITIBA
CINCO UP;20260086150009;01/04/2026;01/04/2026;01/04/2027;REGISTRADO;;ALIMENTOS E SUPLEMENTOS;COMUM;5;20260086150014|20260086150022|20260086150030|20260086150049|20260086150057;OBRA AUDIOVISUAL PUBLICITÁRIA BRASILEIRA FILMADA/GRAVADA NO BRASIL;RADIODIFUSÃO DE SONS E IMAGENS (TV ABERTA);5;COLMEIA VÍDEOS LTDA;RODRIGO EDUARDO GUISS MACIEL;CWG COMUNICACAO E MARKETING LTDA - ME;10.665.690/0001-51;M M PIORNEDO ME;01.684.514/0001-76;COLMEIA VÍDEOS LTDA;42234;32.223.852/0001-34;PR;TOLEDO
CIRCUITO KIDS 2026;20260085670009;01/04/2026;;01/04/2027;CADASTRADO;;INSTITUCIONAL;COMUM;5;20260085670014|20260085670022|20260085670030|20260085670049|20260085670057;OBRA AUDIOVISUAL PUBLICITÁRIA BRASILEIRA FILMADA/GRAVADA NO BRASIL;RADIODIFUSÃO DE SONS E IMAGENS (TV ABERTA);15;LEANDRO LIMA LOPES SERVICOS - ME;LEANDRO LIMA LOPES;;NÃO INFORMADO;J CAMARA & IRMAOS S\A;01.536.754/0001-23;LEANDRO LIMA LOPES SERVICOS - ME;30643;22.844.031/0001-61;GO;GOIANIA
CIRCUITO LOLLA;20260085320008;01/04/2026;;01/04/2027;CADASTRADO;;FIAT PULSE EDIÇÃO ESPECIAL LOLLAPALOOZA BRASIL;COMUM;5;20260085320013|20260085320021|20260085320030|20260085320048|20260085320056;OBRA AUDIOVISUAL PUBLICITÁRIA BRASILEIRA FILMADA/GRAVADA NO BRASIL;OUTROS MERCADOS;30;ESTRATECHGIA AUTOMACAO PRODUCAO E DISTRIBUICAO PUBLICITARIA LTDA;MARCELO GEMIGNANI DE CAMARGO;LEO BURNETT NEO COMUNICACAO LTDA.;10.389.403/0001-28;STELLANTIS AUTOMOVEIS BRASIL LTDA.;16.701.716/0001-56;ESTRATECHGIA AUTOMACAO PRODUCAO E DISTRIBUICAO PUBLICITARIA LTDA;49790;41.866.980/0001-97;SP;SAO PAULO
CMF 300 ANOS;20260085610006;01/04/2026;;01/04/2027;CADASTRADO;;INSTITUCIONAL;COMUM;5;20260085610011|20260085610020|20260085610038|20260085610046|20260085610054;OBRA AUDIOVISUAL PUBLICITÁRIA BRASILEIRA FILMADA/GRAVADA NO BRASIL;RADIODIFUSÃO DE SONS E IMAGENS (TV ABERTA);60;TERRAVISTA REC PRODUCOES LTDA;EDNEI DE SOUZA MARTINS;SG PROPAG COMUNICAÇÃO E MARKETING LTDA;07.991.409/0001-66;MUNICIPIO DE FORTALEZA - CAMARA MUNICIPAL;06.621.791/0001-53;TERRAVISTA REC PRODUCOES LTDA;59563;57.260.800/0001-69;CE;FORTALEZA
DESAFIO 2026;20260086000007;01/04/2026;;01/04/2027;CADASTRADO;;DESAFIO 2026;COMUM;5;20260086000012|20260086000020|20260086000039|20260086000047|20260086000055;OBRA AUDIOVISUAL PUBLICITÁRIA BRASILEIRA FILMADA/GRAVADA NO BRASIL;SALAS DE EXIBIÇÃO;30;VIDEOCUBO PRODUÇÕES LTDA;DIOGO DIAS DE ANDRADE;PH.D. PUBLICIDADE LTDA. - ME;44.908.424/0001-24;ETAPA EDUCACIONAL LTDA;52.167.236/0001-10;VIDEOCUBO PRODUÇÕES LTDA;13486;09.184.493/0001-31;SP;SAO PAULO
DVa Seminovos;20260085770003;01/04/2026;01/04/2026;01/04/2027;REGISTRADO;;institucional;COMUM;5;20260085770019|20260085770027|20260085770035|20260085770043|20260085770051;OBRA AUDIOVISUAL PUBLICITÁRIA BRASILEIRA FILMADA/GRAVADA NO BRASIL;RADIODIFUSÃO DE SONS E IMAGENS (TV ABERTA);15;CHRISTIANO THEISS NETO ***********;CHRISTIANO THEISS NETO;;NÃO INFORMADO;DVA AUTO IMPORT LTDA;46.890.130/0001-48;CHRISTIANO THEISS NETO ***********;35895;26.820.476/0001-62;SC;BLUMENAU
ENERGIA LIVRE;20260082150004;30/03/2026;01/04/2026;30/03/2027;REGISTRADO;;INSTITUCIONAL;COMUM;5;20260082150010|20260082150028|20260082150036|20260082150044|20260082150052;OBRA AUDIOVISUAL PUBLICITÁRIA BRASILEIRA FILMADA/GRAVADA NO BRASIL;TODOS OS SEGMENTOS DE MERCADO;30;QUARTETO FILMES PRODUCOES LTDA;HERMANO PINHO TARANTO;LAPIS RARO AGENCIA DE COMUNICACAO LTDA;22.444.012/0001-48;COMPANHIA ENERGETICA DE MINAS GERAIS-CEMIG;17.155.730/0001-64;QUARTETO FILMES PRODUCOES LTDA;1936;04.547.429/0001-54;MG;BELO HORIZONTE
ESTRUTURA ELETROMOVEIS;20260085600000;01/04/2026;01/04/2026;01/04/2027;REGISTRADO;;COMERCIAL;COMUM;;;OBRA AUDIOVISUAL PUBLICITÁRIA BRASILEIRA FILMADA/GRAVADA NO BRASIL;RADIODIFUSÃO DE SONS E IMAGENS (TV ABERTA);30;57.244.890 PEDRO PAULO SIQUEIRA LIMA NETO;PEDRO PAULO SIQUEIRA LIMA NETO;;NÃO INFORMADO;COMERCIAL DE ELETROMOVEIS;01.774.772/0003-05;57.244.890 PEDRO PAULO SIQUEIRA LIMA NETO;59781;57.244.890/0001-02;PA;BELEM
EVOLUÇÃO;20260076080008;23/03/2026;01/04/2026;23/03/2027;REGISTRADO;;AÇÕES DE COMUNICAÇÃO;COMUM;5;20260076080013|20260076080021|20260076080030|20260076080048|20260076080056;OBRA AUDIOVISUAL PUBLICITÁRIA BRASILEIRA FILMADA/GRAVADA NO BRASIL;TODOS OS SEGMENTOS DE MERCADO;30;LYS FILMES LTDA.;VALERIA LYS RIBEIRO E SILVA;LUA PROPAGANDA LTDA;05.916.755/0003-16;SECRETARIA DE ESTADO DA COMUNICACAO - SECOM;49.179.188/0001-76;LYS FILMES LTDA.;39641;29.795.260/0001-82;PR;CURITIBA
EXPOAM 2026 FINAL;20260085480005;01/04/2026;01/04/2026;01/04/2027;REGISTRADO;;Evento;COMUM;;;OBRA AUDIOVISUAL PUBLICITÁRIA BRASILEIRA FILMADA/GRAVADA NO BRASIL;RADIODIFUSÃO DE SONS E IMAGENS (TV ABERTA);15;BOOMERANG COMUNICAÇÃO E MARKETING LTDA;DANIEL DIAS TESSARI;DIAS TESSARI & DIAS TESSARI LTDA - ME;09.188.286/0001-55;DP EVENTOS DE MOCOCA LTDA;64.494.699/0001-76;BOOMERANG COMUNICAÇÃO E MARKETING LTDA;51761;46.589.672/0001-85;SP;SAO JOSE DO RIO PARDO
Edson e Hudson;20260085040005;01/04/2026;01/04/2026;01/04/2027;REGISTRADO;;show;COMUM;;;OBRA AUDIOVISUAL PUBLICITÁRIA BRASILEIRA FILMADA/GRAVADA NO BRASIL;RADIODIFUSÃO DE SONS E IMAGENS (TV ABERTA);30;FOCUS VIDEO LTDA;SERGIO SOUZA;;NÃO INFORMADO;WAGNER FERMINO SCARSI EIRELI;30.906.216/0001-81;FOCUS VIDEO LTDA;5066;07.288.838/0001-71;SC;TUBARAO
FAST START;20260085180001;01/04/2026;;01/04/2027;CADASTRADO;;JEEP COMPASS;COMUM;5;20260085180017|20260085180025|20260085180033|20260085180041|20260085180050;OBRA AUDIOVISUAL PUBLICITÁRIA BRASILEIRA FILMADA/GRAVADA NO BRASIL;TODOS OS SEGMENTOS DE MERCADO;30;ESTRATECHGIA AUTOMACAO PRODUCAO E DISTRIBUICAO PUBLICITARIA LTDA;MARCELO GEMIGNANI DE CAMARGO;LEO BURNETT NEO COMUNICACAO LTDA.;10.389.403/0001-28;STELLANTIS AUTOMOVEIS BRASIL LTDA.;16.701.716/0001-56;ESTRATECHGIA AUTOMACAO PRODUCAO E DISTRIBUICAO PUBLICITARIA LTDA;49790;41.866.980/0001-97;SP;SAO PAULO
FC QZ M SUPER MARIO GALAXY ME;20260085200002;01/04/2026;;01/04/2027;CADASTRADO;;INSTITUCIONAL;COMUM;3;20260085200018|20260085200026|20260085200034;OBRA AUDIOVISUAL PUBLICITÁRIA BRASILEIRA FILMADA/GRAVADA NO BRASIL;SALAS DE EXIBIÇÃO;87;BETINA PONS PRODUCOES ARTISTICAS;BETINA PONS;;NÃO INFORMADO;SUNNY BRINQUEDOS - IMPORTACAO E EXPORTACAO LIMITADA;61.727.285/0001-51;BETINA PONS PRODUÇÕES ARTÍSTICAS;45375;16.493.513/0001-11;RJ;RIO DE JANEIRO
FIM DE ANO - CICLOS;20260074410000;20/03/2026;01/04/2026;20/03/2027;REGISTRADO;;VT;COMUM;5;20260074410016|20260074410024|20260074410032|20260074410040|20260074410059;OBRA AUDIOVISUAL PUBLICITÁRIA BRASILEIRA FILMADA/GRAVADA NO BRASIL;TODOS OS SEGMENTOS DE MERCADO;30;SAX AUDIOVISUAL & MARKETING DIGITAL LTDA;HENRIQUE SANTOS DE SOUZA;AGENCIA NACIONAL DE PROPAGANDA LTDA;61.704.482/0004-06;SUBSECRETARIA DE ASSUNTOS ADMINISTRATIVOS DO MINISTERIO DO DESENVOLVIMENTO SOCIAL;05.756.246/0004-54;SAX AUDIOVISUAL & MARKETING DIGITAL LTDA;56963;47.877.390/0001-46;DF;BRASILIA
FLEETNET;20260085710000;01/04/2026;01/04/2026;01/04/2027;REGISTRADO;;promocional;COMUM;5;20260085710016|20260085710024|20260085710032|20260085710040|20260085710059;OBRA AUDIOVISUAL PUBLICITÁRIA BRASILEIRA FILMADA/GRAVADA NO BRASIL;RADIODIFUSÃO DE SONS E IMAGENS (TV ABERTA);15;RENATO PANDUR MARIA - ME;RENATO PANDUR MARIA;SHINMI E FAQUINHA DESENVOLVIMENTO DE SITES LTDA - EPP;11.985.241/0001-53;MELHORNET TELECOMUNICACOES LTDA;37.518.828/0001-46;RENATO PANDUR MARIA ME;30693;10.564.071/0001-70;SP;PRESIDENTE PRUDENTE
Feirão Nichele;20260085560009;01/04/2026;;01/04/2027;CADASTRADO;;Materiais de Construção;COMUM;50;20260085560014|20260085560022|20260085560030|20260085560049|20260085560057|20260085560065|20260085560073|20260085560081|20260085560090|20260085560103|20260085560111|20260085560120|20260085560138|20260085560146|20260085560154|20260085560162|20260085560170|20260085560189|20260085560197|20260085560200|20260085560219|20260085560227|20260085560235|20260085560243|20260085560251|20260085560260|20260085560278|20260085560286|20260085560294|20260085560308|20260085560316|20260085560324|20260085560332|20260085560340|20260085560359|20260085560367|20260085560375|20260085560383|20260085560391|20260085560405|20260085560413|20260085560421|20260085560430|20260085560448|20260085560456|20260085560464|20260085560472|20260085560480|20260085560499|20260085560502;OBRA AUDIOVISUAL PUBLICITÁRIA BRASILEIRA FILMADA/GRAVADA NO BRASIL;TODOS OS SEGMENTOS DE MERCADO;15;SPIRIT ENTRETENIMENTO LTDA;FERNANDO MARCONDES MACEDO;DEPOSITO DE MATERIAIS PARA CONSTRUCAO NICHELE LTDA;77.172.161/0015-92;DEPOSITO DE MATERIAIS PARA CONSTRUCAO NICHELE LTDA;77.172.161/0001-97;SPIRIT ENTRETENIMENTO LTDA;11880;08.378.645/0001-74;PR;CURITIBA
Festival das Culturas Indígenas;20260085800000;01/04/2026;01/04/2026;01/04/2027;REGISTRADO;;COMERCIAL FILATRÓPICO;CARÁTER BENEFICENTE / FILANTRÓPICO;;;OBRA AUDIOVISUAL PUBLICITÁRIA BRASILEIRA FILMADA/GRAVADA NO BRASIL;RADIODIFUSÃO DE SONS E IMAGENS (TV ABERTA);30;BETINA PONS PRODUCOES ARTISTICAS;BETINA PONS;;NÃO INFORMADO;ASSOCIAÇÃO DOS AMIGOS DA ARTE POPULAR BRASILEIRA;03.360.608/0001-15;BETINA PONS PRODUÇÕES ARTÍSTICAS;45375;16.493.513/0001-11;RJ;RIO DE JANEIRO
Filme Escolha Agir AC 60;20260085920005;01/04/2026;01/04/2026;01/04/2027;REGISTRADO;;Arrecadação 2026;CARÁTER BENEFICENTE / FILANTRÓPICO;;;OBRA AUDIOVISUAL PUBLICITÁRIA BRASILEIRA FILMADA/GRAVADA NO BRASIL;TODOS OS SEGMENTOS DE MERCADO;60;MIRABILIS VÍDEO COMUNICAÇÃO LTDA;ANA SILVIA CALCAGNI SARTORI;;NÃO INFORMADO;FUNDACAO ABRINQ PELOS DIREITOS DA CRIANCA E DO ADOLESCENTE;38.894.796/0001-46;MIRABILIS VÍDEO COMUNICAÇÃO LTDA;12873;08.816.908/0001-80;SP;SAO PAULO
Filme Escolha Agir ACA45;20260086020008;01/04/2026;01/04/2026;01/04/2027;REGISTRADO;;Arrecadação 2026;CARÁTER BENEFICENTE / FILANTRÓPICO;;;OBRA AUDIOVISUAL PUBLICITÁRIA BRASILEIRA FILMADA/GRAVADA NO BRASIL;TODOS OS SEGMENTOS DE MERCADO;45;MIRABILIS VÍDEO COMUNICAÇÃO LTDA;ANA SILVIA CALCAGNI SARTORI;;NÃO INFORMADO;FUNDACAO ABRINQ PELOS DIREITOS DA CRIANCA E DO ADOLESCENTE;38.894.796/0001-46;MIRABILIS VÍDEO COMUNICAÇÃO LTDA;12873;08.816.908/0001-80;SP;SAO PAULO
Filme Escolha Agir ACF45;20260085980008;01/04/2026;01/04/2026;01/04/2027;REGISTRADO;;Arrecadação 2026;CARÁTER BENEFICENTE / FILANTRÓPICO;;;OBRA AUDIOVISUAL PUBLICITÁRIA BRASILEIRA FILMADA/GRAVADA NO BRASIL;TODOS OS SEGMENTOS DE MERCADO;45;MIRABILIS VÍDEO COMUNICAÇÃO LTDA;ANA SILVIA CALCAGNI SARTORI;;NÃO INFORMADO;FUNDACAO ABRINQ PELOS DIREITOS DA CRIANCA E DO ADOLESCENTE;38.894.796/0001-46;MIRABILIS VÍDEO COMUNICAÇÃO LTDA;12873;08.816.908/0001-80;SP;SAO PAULO
Filme Escolha Agir ACT45;20260086040009;01/04/2026;01/04/2026;01/04/2027;REGISTRADO;;Arrecadação 2026;CARÁTER BENEFICENTE / FILANTRÓPICO;;;OBRA AUDIOVISUAL PUBLICITÁRIA BRASILEIRA FILMADA/GRAVADA NO BRASIL;TODOS OS SEGMENTOS DE MERCADO;45;MIRABILIS VÍDEO COMUNICAÇÃO LTDA;ANA SILVIA CALCAGNI SARTORI;;NÃO INFORMADO;FUNDACAO ABRINQ PELOS DIREITOS DA CRIANCA E DO ADOLESCENTE;38.894.796/0001-46;MIRABILIS VÍDEO COMUNICAÇÃO LTDA;12873;08.816.908/0001-80;SP;SAO PAULO
Filme Escolha Agir ZC260;20260085880003;01/04/2026;01/04/2026;01/04/2027;REGISTRADO;;Arrecadação 2026;CARÁTER BENEFICENTE / FILANTRÓPICO;;;OBRA AUDIOVISUAL PUBLICITÁRIA BRASILEIRA FILMADA/GRAVADA NO BRASIL;TODOS OS SEGMENTOS DE MERCADO;60;MIRABILIS VÍDEO COMUNICAÇÃO LTDA;ANA SILVIA CALCAGNI SARTORI;;NÃO INFORMADO;FUNDACAO ABRINQ PELOS DIREITOS DA CRIANCA E DO ADOLESCENTE;38.894.796/0001-46;MIRABILIS VÍDEO COMUNICAÇÃO LTDA;12873;08.816.908/0001-80;SP;SAO PAULO
Filme Escolha Agir ZCA45;20260086140003;01/04/2026;01/04/2026;01/04/2027;REGISTRADO;;Arrecadação 2026;CARÁTER BENEFICENTE / FILANTRÓPICO;;;OBRA AUDIOVISUAL PUBLICITÁRIA BRASILEIRA FILMADA/GRAVADA NO BRASIL;TODOS OS SEGMENTOS DE MERCADO;45;MIRABILIS VÍDEO COMUNICAÇÃO LTDA;ANA SILVIA CALCAGNI SARTORI;;NÃO INFORMADO;FUNDACAO ABRINQ PELOS DIREITOS DA CRIANCA E DO ADOLESCENTE;38.894.796/0001-46;MIRABILIS VÍDEO COMUNICAÇÃO LTDA;12873;08.816.908/0001-80;SP;SAO PAULO
Filme Escolha Agir ZCF45;20260086070005;01/04/2026;01/04/2026;01/04/2027;REGISTRADO;;Arrecadação 2026;CARÁTER BENEFICENTE / FILANTRÓPICO;;;OBRA AUDIOVISUAL PUBLICITÁRIA BRASILEIRA FILMADA/GRAVADA NO BRASIL;TODOS OS SEGMENTOS DE MERCADO;45;MIRABILIS VÍDEO COMUNICAÇÃO LTDA;ANA SILVIA CALCAGNI SARTORI;;NÃO INFORMADO;FUNDACAO ABRINQ PELOS DIREITOS DA CRIANCA E DO ADOLESCENTE;38.894.796/0001-46;MIRABILIS VÍDEO COMUNICAÇÃO LTDA;12873;08.816.908/0001-80;SP;SAO PAULO
Filme Escolha Agir ZCT45;20260086170000;01/04/2026;01/04/2026;01/04/2027;REGISTRADO;;Arrecadação 2026;CARÁTER BENEFICENTE / FILANTRÓPICO;;;OBRA AUDIOVISUAL PUBLICITÁRIA BRASILEIRA FILMADA/GRAVADA NO BRASIL;TODOS OS SEGMENTOS DE MERCADO;45;MIRABILIS VÍDEO COMUNICAÇÃO LTDA;ANA SILVIA CALCAGNI SARTORI;;NÃO INFORMADO;FUNDACAO ABRINQ PELOS DIREITOS DA CRIANCA E DO ADOLESCENTE;38.894.796/0001-46;MIRABILIS VÍDEO COMUNICAÇÃO LTDA;12873;08.816.908/0001-80;SP;SAO PAULO
Filmes 2;20260085970002;01/04/2026;01/04/2026;01/04/2027;REGISTRADO;;Loja de departamento;COMUM;5;20260085970018|20260085970026|20260085970034|20260085970042|20260085970050;OBRA AUDIOVISUAL PUBLICITÁRIA BRASILEIRA FILMADA/GRAVADA NO BRASIL;RADIODIFUSÃO DE SONS E IMAGENS (TV ABERTA);30;AMORIM LIMA & SOUZA AMORIM LTDA - ME;EVERSON CARLOS DO NASCIMENTO MOREIRA;;NÃO INFORMADO;CAXIAS TECIDOS LTDA - EPP;00.113.451/0001-35;AMORIM LIMA & SOUZA AMORIM LTDA - ME;23228;17.018.931/0001-10;MA;SANTA INES
GUILHERME ARANTES – SÃO CARLOS;20260085440003;01/04/2026;;01/04/2027;CADASTRADO;;Promocional;COMUM;;;OBRA AUDIOVISUAL PUBLICITÁRIA BRASILEIRA FILMADA/GRAVADA NO BRASIL;RADIODIFUSÃO DE SONS E IMAGENS (TV ABERTA);15;PELÍCULA VÍDEO DESIGN LTDA;RODRIGO STULP;CWE PUBLICIDADE, PROMOCOES, PRODUCOES ARTISTICAS E PARTICIPACOES LTDA;37.178.742/0001-11;GWA PRODUCOES ARTISTICAS, PROMOCOES E PUBLICIDADE SPE LTDA;62.403.940/0001-89;PELÍCULA VÍDEO DESIGN LTDA;12053;08.578.317/0001-11;RS;SANTA CRUZ DO SUL
GZH KIDS;20260074400005;20/03/2026;01/04/2026;20/03/2027;REGISTRADO;;INSTITUCIONAL;COMUM;5;20260074400010|20260074400029|20260074400037|20260074400045|20260074400053;OBRA AUDIOVISUAL PUBLICITÁRIA BRASILEIRA FILMADA/GRAVADA NO BRASIL;RADIODIFUSÃO DE SONS E IMAGENS (TV ABERTA);30;MAURICIO SCHENATO;MAURICIO SCHENATO;;NÃO INFORMADO;RBS - ZERO HORA EDITORA JORNALISTICA S.A.;92.821.701/0001-00;MAURICIO SCHENATO;41368;01.944.559/0001-32;RS;PORTO ALEGRE
Goiânia GWM 4x4;20260085530002;01/04/2026;01/04/2026;01/04/2027;REGISTRADO;;CARRO;COMUM;;;OBRA AUDIOVISUAL PUBLICITÁRIA BRASILEIRA FILMADA/GRAVADA NO BRASIL;RADIODIFUSÃO DE SONS E IMAGENS (TV ABERTA);30;CAPADOCIA PRODUCOES LTDA;GUSTAVO FERREIRA CAIXETA;;NÃO INFORMADO;NAVESA MOTORS LTDA;48.952.219/0001-17;CAPADOCIA PRODUCOES LTDA;49232;40.158.696/0001-01;GO;ANAPOLIS
HAI NOVOS COROLLA ABR;20260085700005;01/04/2026;01/04/2026;01/04/2027;REGISTRADO;;Promocional;COMUM;;;OBRA AUDIOVISUAL PUBLICITÁRIA BRASILEIRA FILMADA/GRAVADA NO BRASIL;TODOS OS SEGMENTOS DE MERCADO;15;YANDARA GOMES DE MOURA ***********;YANDARA GOMES DE MOURA;H HOUSE MARKETING LTDA;65.121.672/0001-09;HAI AUTOMOVEIS LTDA;05.481.897/0001-36;YANDARA GOMES DE MOURA ***********;56708;30.412.683/0001-55;SC;FLORIANOPOLIS
HRV 2026/26;20260059950008;06/03/2026;01/04/2026;06/03/2027;REGISTRADO;;carro;COMUM;50;20260059950013|20260059950021|20260059950030|20260059950048|20260059950056|20260059950064|20260059950072|20260059950080|20260059950099|20260059950102|20260059950110|20260059950129|20260059950137|20260059950145|20260059950153|20260059950161|20260059950170|20260059950188|20260059950196|20260059950200|20260059950218|20260059950226|20260059950234|20260059950242|20260059950250|20260059950269|20260059950277|20260059950285|20260059950293|20260059950307|20260059950315|20260059950323|20260059950331|20260059950340|20260059950358|20260059950366|20260059950374|20260059950382|20260059950390|20260059950404|20260059950412|20260059950420|20260059950439|20260059950447|20260059950455|20260059950463|20260059950471|20260059950480|20260059950498|20260059950501;OBRA AUDIOVISUAL PUBLICITÁRIA BRASILEIRA FILMADA/GRAVADA NO BRASIL;RADIODIFUSÃO DE SONS E IMAGENS (TV ABERTA);15;AÇÃO VÍDEO PUBLICIDADE E PROPAGANDA LTDA - ME;MONTANARO MUNHOZ MUNIZ VILA VERDE;;NÃO INFORMADO;HAIKAR VEICULOS LTDA;00.066.871/0001-08;AÇÃO VÍDEO PUBLICIDADE E PROPAGANDA LTDA - ME;28703;21.268.656/0001-60;GO;GOIANIA
Institucional de Aniversário de 85 anos de Jales;20260085250000;01/04/2026;01/04/2026;01/04/2027;REGISTRADO;;Evento;COMUM;;;OBRA AUDIOVISUAL PUBLICITÁRIA BRASILEIRA FILMADA/GRAVADA NO BRASIL;RADIODIFUSÃO DE SONS E IMAGENS (TV ABERTA);30;TEBAR EIRELI - ME;FERNANDO BRANCO TEBAR;SINFOR - ASSESSORIA, COMUNICACAO E MARKETING ITURAMA LTDA - EPP;04.315.888/0001-02;PREFEITURA MUNICIPAL DE JALES;45.131.885/0001-04;TEBAR LTDA;38123;19.552.555/0001-74;SP;SAO JOSE DO RIO PRETO
JORNAL AN 03 04 2026;20260085120009;01/04/2026;01/04/2026;01/04/2027;REGISTRADO;;DIVULGAÇÃO CAMPANHA;COMUM;;;OBRA AUDIOVISUAL PUBLICITÁRIA BRASILEIRA FILMADA/GRAVADA NO BRASIL;RADIODIFUSÃO DE SONS E IMAGENS (TV ABERTA);30;NC COMUNICACOES SA;EMANUEL PRA;;NÃO INFORMADO;NC COMUNICACOES SA;79.227.963/0012-35;NC COMUNICACOES SA;39090;79.227.963/0001-82;SC;FLORIANOPOLIS
JORNAL DC 03 04 2026;20260085140000;01/04/2026;01/04/2026;01/04/2027;REGISTRADO;;DIVULGAÇÃO CAMPANHA;COMUM;;;OBRA AUDIOVISUAL PUBLICITÁRIA BRASILEIRA FILMADA/GRAVADA NO BRASIL;RADIODIFUSÃO DE SONS E IMAGENS (TV ABERTA);30;NC COMUNICACOES SA;EMANUEL PRA;;NÃO INFORMADO;NC COMUNICACOES SA;79.227.963/0012-35;NC COMUNICACOES SA;39090;79.227.963/0001-82;SC;FLORIANOPOLIS
JORNAL SANTA 03 04 2026;20260085450009;01/04/2026;01/04/2026;01/04/2027;REGISTRADO;;DIVULGAÇÃO CAMPANHA;COMUM;;;OBRA AUDIOVISUAL PUBLICITÁRIA BRASILEIRA FILMADA/GRAVADA NO BRASIL;RADIODIFUSÃO DE SONS E IMAGENS (TV ABERTA);30;NC COMUNICACOES SA;EMANUEL PRA;;NÃO INFORMADO;NC COMUNICACOES SA;79.227.963/0012-35;NC COMUNICACOES SA;39090;79.227.963/0001-82;SC;FLORIANOPOLIS
JUÁ INSTITUCIONAL;20260085240004;01/04/2026;;01/04/2027;CADASTRADO;;INSTITUCIONAL;COMUM;5;20260085240010|20260085240028|20260085240036|20260085240044|20260085240052;OBRA AUDIOVISUAL PUBLICITÁRIA BRASILEIRA FILMADA/GRAVADA NO BRASIL;RADIODIFUSÃO DE SONS E IMAGENS (TV ABERTA);5;TERRAVISTA EDIÇÃO E PRODUÇÃO LTDA;EDNEI DE SOUZA MARTINS;GK AGENCIA DE PUBLICIDADE LTDA;15.329.453/0001-33;SABÃO JUÁ INDUSTRIA E COMERCIO LTDA;04.770.484/0001-09;TERRAVISTA EDIÇÃO E PRODUÇÃO LTDA;41495;30.697.834/0001-69;CE;FORTALEZA
KCINCO;20260085230009;01/04/2026;01/04/2026;01/04/2027;REGISTRADO;;VAREJO;COMUM;20;20260085230014|20260085230022|20260085230030|20260085230049|20260085230057|20260085230065|20260085230073|20260085230081|20260085230090|20260085230103|20260085230111|20260085230120|20260085230138|20260085230146|20260085230154|20260085230162|20260085230170|20260085230189|20260085230197|20260085230200;OBRA AUDIOVISUAL PUBLICITÁRIA BRASILEIRA FILMADA/GRAVADA NO BRASIL;RADIODIFUSÃO DE SONS E IMAGENS (TV ABERTA);5;DIEGO FELIPE MAFRA ME;DIEGO FELIPE MAFRA;KOERICH PUBLICIDADE LTDA. - ME;75.343.145/0001-94;EUGENIO RAULINO KOERICH SA COMERCIO E INDUSTRIA;86.184.074/0018-99;DIEGO FELIPE MAFRA ME;40836;07.300.564/0001-99;SC;SAO JOSE
KSETE;20260085270000;01/04/2026;01/04/2026;01/04/2027;REGISTRADO;;VAREJO;COMUM;20;20260085270016|20260085270024|20260085270032|20260085270040|20260085270059|20260085270067|20260085270075|20260085270083|20260085270091|20260085270105|20260085270113|20260085270121|20260085270130|20260085270148|20260085270156|20260085270164|20260085270172|20260085270180|20260085270199|20260085270202;OBRA AUDIOVISUAL PUBLICITÁRIA BRASILEIRA FILMADA/GRAVADA NO BRASIL;RADIODIFUSÃO DE SONS E IMAGENS (TV ABERTA);7;DIEGO FELIPE MAFRA ME;DIEGO FELIPE MAFRA;KOERICH PUBLICIDADE LTDA. - ME;75.343.145/0001-94;EUGENIO RAULINO KOERICH SA COMERCIO E INDUSTRIA;86.184.074/0018-99;DIEGO FELIPE MAFRA ME;40836;07.300.564/0001-99;SC;SAO JOSE
Leve no Olhar;20260068650003;16/03/2026;01/04/2026;16/03/2027;REGISTRADO;;ótica;COMUM;5;20260068650019|20260068650027|20260068650035|20260068650043|20260068650051;OBRA AUDIOVISUAL PUBLICITÁRIA BRASILEIRA FILMADA/GRAVADA NO BRASIL;RADIODIFUSÃO DE SONS E IMAGENS (TV ABERTA);30;FABIO RAMOS MELO ME;RICARDO CARDOSO CAMARGO;ARPEJO - EDICAO LTDA - ME;10.655.973/0001-12;FNPQO LTDA;65.012.402/0001-51;FABIO RAMOS MELO ME;32780;24.254.612/0001-79;SP;ARTUR NOGUEIRA
Lightwire RIR26;20260085730001;01/04/2026;;01/04/2027;CADASTRADO;;Rock in Rio;COMUM;5;20260085730017|20260085730025|20260085730033|20260085730041|20260085730050;OBRA AUDIOVISUAL PUBLICITÁRIA BRASILEIRA FILMADA/GRAVADA NO BRASIL;TODOS OS SEGMENTOS DE MERCADO;20;TYCOON PRODUÇÕES ARTÍSTICAS LTDA.;PAULO MACHADO LOMBA NETO;ARTPLAN COMUNICACAO S/A;33.673.286/0001-25;ROCK WORLD S.A;13.212.200/0001-50;TYCOON PRODUÇÕES ARTÍSTICAS LTDA.;401;29.960.812/0001-60;RJ;RIO DE JANEIRO
Loja Koerich;20260085410007;01/04/2026;01/04/2026;01/04/2027;REGISTRADO;;Varejo;COMUM;50;20260085410012|20260085410020|20260085410039|20260085410047|20260085410055|20260085410063|20260085410071|20260085410080|20260085410098|20260085410101|20260085410110|20260085410128|20260085410136|20260085410144|20260085410152|20260085410160|20260085410179|20260085410187|20260085410195|20260085410209|20260085410217|20260085410225|20260085410233|20260085410241|20260085410250|20260085410268|20260085410276|20260085410284|20260085410292|20260085410306|20260085410314|20260085410322|20260085410330|20260085410349|20260085410357|20260085410365|20260085410373|20260085410381|20260085410390|20260085410403|20260085410411|20260085410420|20260085410438|20260085410446|20260085410454|20260085410462|20260085410470|20260085410489|20260085410497|20260085410500;OBRA AUDIOVISUAL PUBLICITÁRIA BRASILEIRA FILMADA/GRAVADA NO BRASIL;RADIODIFUSÃO DE SONS E IMAGENS (TV ABERTA);30;DIEGO FELIPE MAFRA ME;DIEGO FELIPE MAFRA;KOERICH PUBLICIDADE LTDA. - ME;75.343.145/0001-94;EUGENIO RAULINO KOERICH SA COMERCIO E INDUSTRIA;86.184.074/0018-99;DIEGO FELIPE MAFRA ME;40836;07.300.564/0001-99;SC;SAO JOSE
MEDICINA 2026.02;20260085630007;01/04/2026;;01/04/2027;CADASTRADO;;PRODUÇÃO DE FILME INSTITUCIONAL DE MEDICINA;COMUM;5;20260085630012|20260085630020|20260085630039|20260085630047|20260085630055;OBRA AUDIOVISUAL PUBLICITÁRIA BRASILEIRA FILMADA/GRAVADA NO BRASIL;TODOS OS SEGMENTOS DE MERCADO;30;UNCAVE FILMES E PRODUCOES LTDA;DANIEL RODRIGO REIS CARACAS;PHOCUS PROPAGANDA E MARKETING LTDA;03.698.527/0001-20;CEUMA-ASSOCIACAO DE ENSINO SUPERIOR;23.689.763/0003-59;UNCAVE FILMES E PRODUCOES LTDA;3667;04.730.219/0001-05;MA;SAO LUIS
MEDICINA 2026.02;20260085630007;01/04/2026;;01/04/2027;CADASTRADO;;PRODUÇÃO DE FILME INSTITUCIONAL DE MEDICINA;COMUM;5;20260085630012|20260085630020|20260085630039|20260085630047|20260085630055;OBRA AUDIOVISUAL PUBLICITÁRIA BRASILEIRA FILMADA/GRAVADA NO BRASIL;TODOS OS SEGMENTOS DE MERCADO;30;UNCAVE FILMES E PRODUCOES LTDA;DANIEL RODRIGO REIS CARACAS;PHOCUS PROPAGANDA E MARKETING LTDA;03.698.527/0001-20;CEUMA-ASSOCIACAO DE ENSINO SUPERIOR;23.689.763/0006-00;UNCAVE FILMES E PRODUCOES LTDA;3667;04.730.219/0001-05;MA;SAO LUIS
MEDICINA 2026.02;20260085630007;01/04/2026;;01/04/2027;CADASTRADO;;PRODUÇÃO DE FILME INSTITUCIONAL DE MEDICINA;COMUM;5;20260085630012|20260085630020|20260085630039|20260085630047|20260085630055;OBRA AUDIOVISUAL PUBLICITÁRIA BRASILEIRA FILMADA/GRAVADA NO BRASIL;TODOS OS SEGMENTOS DE MERCADO;30;UNCAVE FILMES E PRODUCOES LTDA;DANIEL RODRIGO REIS CARACAS;PHOCUS PROPAGANDA E MARKETING LTDA;03.698.527/0001-20;INSTITUTO EURO AMERICANO DE EDUCAÇÃO CIENCIA TECNOLOGIA;37.174.034/0003-74;UNCAVE FILMES E PRODUCOES LTDA;3667;04.730.219/0001-05;MA;SAO LUIS
MEX PASCOA 26 C;20260085430008;01/04/2026;;01/04/2027;CADASTRADO;;VAREJO;COMUM;50;20260085430013|20260085430021|20260085430030|20260085430048|20260085430056|20260085430064|20260085430072|20260085430080|20260085430099|20260085430102|20260085430110|20260085430129|20260085430137|20260085430145|20260085430153|20260085430161|20260085430170|20260085430188|20260085430196|20260085430200|20260085430218|20260085430226|20260085430234|20260085430242|20260085430250|20260085430269|20260085430277|20260085430285|20260085430293|20260085430307|20260085430315|20260085430323|20260085430331|20260085430340|20260085430358|20260085430366|20260085430374|20260085430382|20260085430390|20260085430404|20260085430412|20260085430420|20260085430439|20260085430447|20260085430455|20260085430463|20260085430471|20260085430480|20260085430498|20260085430501;OBRA AUDIOVISUAL PUBLICITÁRIA BRASILEIRA FILMADA/GRAVADA NO BRASIL;TODOS OS SEGMENTOS DE MERCADO;30;TRIPLE A PRODUCAO CROSSMEDIA LTDA;ALESSANDRA SALUCESTE VERONEZE LEPIANI;AFRICA DDB BRASIL PUBLICIDADE LTDA.;60.741.303/0001-97;COMPANHIA BRASILEIRA DE DISTRIBUICAO;47.508.411/0001-56;TRIPLE A PRODUCAO CROSSMEDIA LTDA;28782;04.052.011/0001-76;SP;SAO PAULO
MOINHO FINO 2026;20260086160004;01/04/2026;;01/04/2027;CADASTRADO;;SERVIÇO;COMUM;5;20260086160010|20260086160028|20260086160036|20260086160044|20260086160052;OBRA AUDIOVISUAL PUBLICITÁRIA BRASILEIRA FILMADA/GRAVADA NO BRASIL;RADIODIFUSÃO DE SONS E IMAGENS (TV ABERTA);10;WEBER OLIVEIRA - ***********;WEBER OLIVEIRA;WEBER OLIVEIRA - ***********;22.785.255/0001-40;DICASA INDUSTRIA E COMERCIO DE ALIMENTOS LTDA;02.783.157/0001-66;WEBER OLIVEIRA - ***********;33495;22.785.255/0001-40;GO;ANAPOLIS
NA FRIGELAR TEM;20260065140004;12/03/2026;01/04/2026;12/03/2027;REGISTRADO;;INSTITUCIONAL;COMUM;5;20260065140010|20260065140028|20260065140036|20260065140044|20260065140052;OBRA AUDIOVISUAL PUBLICITÁRIA BRASILEIRA FILMADA/GRAVADA NO BRASIL;RADIODIFUSÃO DE SONS E IMAGENS (TV ABERTA);15;MAURICIO SCHENATO;MAURICIO SCHENATO;VENTO COMUNICACAO LTDA - EPP;08.633.990/0001-07;FRIGELAR COMERCIO E INDUSTRIA LTDA;92.660.406/0030-53;MAURICIO SCHENATO;41368;01.944.559/0001-32;RS;PORTO ALEGRE
NEAR LIVE 09.04;20260085370005;01/04/2026;;01/04/2027;CADASTRADO;;Comercio Varejista;COMUM;5;20260085370010|20260085370029|20260085370037|20260085370045|20260085370053;OBRA AUDIOVISUAL PUBLICITÁRIA BRASILEIRA FILMADA/GRAVADA NO BRASIL;TODOS OS SEGMENTOS DE MERCADO;60;CARLOS ANTONIO SANT ANNA;RUBENS ROSA;BETC HAVAS AGENCIA DE PUBLICIDADE LTDA.;19.555.578/0001-32;SENDAS DISTRIBUIDORA S/A;06.057.223/0305-93;CARLOS ANTONIO SANT ANNA;48428;22.745.544/0001-15;SP;AMERICANA
NEAR LIVE ACORDO CERTO;20260085110003;01/04/2026;01/04/2026;01/04/2027;REGISTRADO;;Serviço de Crédito;COMUM;5;20260085110019|20260085110027|20260085110035|20260085110043|20260085110051;OBRA AUDIOVISUAL PUBLICITÁRIA BRASILEIRA FILMADA/GRAVADA NO BRASIL;TODOS OS SEGMENTOS DE MERCADO;60;RUBENS ROSA ***********;RUBENS ROSA;PORTAL PUBLICIDADE LTDA;44.627.321/0001-96;CONSUMIDOR POSITIVO LTDA;30.247.128/0001-15;RUBENS ROSA ***********;47510;35.126.007/0001-39;SP;VALINHOS
NOSSO CARTAO 2026;20260085130004;01/04/2026;01/04/2026;01/04/2027;REGISTRADO;;SAUDE;COMUM;;;OBRA AUDIOVISUAL PUBLICITÁRIA BRASILEIRA FILMADA/GRAVADA NO BRASIL;RADIODIFUSÃO DE SONS E IMAGENS (TV ABERTA);30;CENA 2 PRODUCOES LTDA ME;FABRICIO MAGNO FERREIRA;EXATA PUBLICIDADE LTDA - ME;86.463.924/0001-40;ADMINISTRADORA DE CARTAO SAGRADO CORACAO DE JESUS LTDA;09.650.662/0001-81;CENA 2 PRODUCOES LTDA ME;20649;13.951.103/0001-89;MG;GOVERNADOR VALADARES
NOVA GOOD PAX 2026;20260085290001;01/04/2026;;01/04/2027;CADASTRADO;;SERVIÇO POSTUMOS;COMUM;5;20260085290017|20260085290025|20260085290033|20260085290041|20260085290050;OBRA AUDIOVISUAL PUBLICITÁRIA BRASILEIRA FILMADA/GRAVADA NO BRASIL;RADIODIFUSÃO DE SONS E IMAGENS (TV ABERTA);30;MAURO VIEIRA DE MELO;MAURO VIEIRA DE MELO;JACY MOREIRA DUARTE JUNIOR - ME;05.009.472/0001-29;UNIÃO GOOD PAX SERVIÇOS PÓSTUMUS LTDA;10.864.660/0001-74;MAURO VIEIRA DE MELO;39812;29.678.409/0001-43;PA;BELEM
Na sua tattoo, do seu jeito;20260084970009;01/04/2026;;01/04/2027;CADASTRADO;;INSTITUCIONAL;COMUM;5;20260084970014|20260084970022|20260084970030|20260084970049|20260084970057;OBRA AUDIOVISUAL PUBLICITÁRIA BRASILEIRA FILMADA/GRAVADA NO BRASIL;TODOS OS SEGMENTOS DE MERCADO;30;BETINA PONS PRODUCOES ARTISTICAS;BETINA PONS;GENERO BRASIL PLATAFORMA DE MIDIA - SOCIEDADE LTDA;35.678.178/0001-70;BAYER S.A.;18.459.628/0001-15;BETINA PONS PRODUÇÕES ARTÍSTICAS;45375;16.493.513/0001-11;RJ;RIO DE JANEIRO
Negócios SC -   Marcas [Estúdio];20260085680004;01/04/2026;;01/04/2027;CADASTRADO;;Informe Publicitário;COMUM;;;OBRA AUDIOVISUAL PUBLICITÁRIA BRASILEIRA FILMADA/GRAVADA NO BRASIL;RADIODIFUSÃO DE SONS E IMAGENS (TV ABERTA);15;THIAGO MACHADO DA SILVA - ME;THIAGO MACHADO DA SILVA;;NÃO INFORMADO;NC COMUNICACOES SA;79.227.963/0012-35;THIAGO MACHADO DA SILVA - ME;37252;27.863.374/0001-97;SC;SAO JOSE
OFERECIMENTO POS EAD 26;20260086060000;01/04/2026;01/04/2026;01/04/2027;REGISTRADO;;EDUCAÇAO SUPERIOR;COMUM;5;20260086060015|20260086060023|20260086060031|20260086060040|20260086060058;OBRA AUDIOVISUAL PUBLICITÁRIA BRASILEIRA FILMADA/GRAVADA NO BRASIL;RADIODIFUSÃO DE SONS E IMAGENS (TV ABERTA);7;VALDECIR FERRARI;DAVID CRISTIAN FERRARI;DONADON & ANJOS LTDA;13.520.318/0001-45;FACEC - FACULDADE DE ADMINISTRACAO E CIENCIAS ECONOMICAS LTDA;11.584.142/0001-60;VALDECIR FERRARI;48503;23.907.350/0001-31;PR;CIANORTE
OFERTAS MÔNACO MPA_MARÇO;20260063260002;10/03/2026;01/04/2026;10/03/2027;REGISTRADO;;Comércio por atacado de motocicletas e motonetas;COMUM;3;20260063260018|20260063260026|20260063260034;OBRA AUDIOVISUAL PUBLICITÁRIA BRASILEIRA FILMADA/GRAVADA NO BRASIL;RADIODIFUSÃO DE SONS E IMAGENS (TV ABERTA);30;KELLY PEREIRA SANTANA EPP;ANTONIO JOSE DUARTE JUNIOR;;NÃO INFORMADO;MONACO MOTOCENTER COMERCIAL LTDA;84.189.950/0001-04;KELLY PEREIRA SANTANA EPP;37397;05.368.280/0001-09;AP;MACAPA
OITENTAÇÃO;20260085580000;01/04/2026;01/04/2026;01/04/2027;REGISTRADO;;EVENTO;COMUM;5;20260085580015|20260085580023|20260085580031|20260085580040|20260085580058;OBRA AUDIOVISUAL PUBLICITÁRIA BRASILEIRA FILMADA/GRAVADA NO BRASIL;RADIODIFUSÃO DE SONS E IMAGENS (TV ABERTA);15;JULIETE DAFINE OLIVEIRA DA SILVA ***********;LEVY CINTRA NABUCO;ESTANDARTE ESPETACULOS E EVENTOS LTDA;65.684.048/0001-01;GERAÇÃO PRODUTORA LTDA;27.839.992/0001-00;JULIETE DAFINE OLIVEIRA DA SILVA ***********;42051;31.747.328/0001-08;PE;RECIFE
OPINIÃO 2026;20260071030002;18/03/2026;01/04/2026;18/03/2027;REGISTRADO;;Promocional;COMUM;50;20260071030018|20260071030026|20260071030034|20260071030042|20260071030050;OBRA AUDIOVISUAL PUBLICITÁRIA BRASILEIRA FILMADA/GRAVADA NO BRASIL;RADIODIFUSÃO DE SONS E IMAGENS (TV ABERTA);30;PELÍCULA VÍDEO DESIGN LTDA;RODRIGO STULP;;NÃO INFORMADO;6 PRO - EVENTOS EMPRESARIAIS LTDA;05.944.183/0001-17;PELÍCULA VÍDEO DESIGN LTDA;12053;08.578.317/0001-11;RS;SANTA CRUZ DO SUL
Ofertas Abril 1;20260085850007;01/04/2026;01/04/2026;01/04/2027;REGISTRADO;BRASIL;Materiais de Construção;COMUM;2;20260085850012|20260085850020;OBRA AUDIOVISUAL PUBLICITÁRIA ESTRANGEIRA;RADIODIFUSÃO DE SONS E IMAGENS (TV ABERTA);15;;;ANDRE BERNARDINO DA SILVA;17.232.781/0001-42;SÓ PISO MATERIAIS PARA CONSTRUÇÃO LTDA;01.053.145/0001-13;SERGIO LUIZ LUDESCHER;42583;PESSOA FÍSICA;SC;BLUMENAU
PAS  AG3;20260085280006;01/04/2026;;01/04/2027;CADASTRADO;;VAREJO;COMUM;50;20260085280011|20260085280020|20260085280038|20260085280046|20260085280054|20260085280062|20260085280070|20260085280089|20260085280097|20260085280100|20260085280119|20260085280127|20260085280135|20260085280143|20260085280151|20260085280160|20260085280178|20260085280186|20260085280194|20260085280208|20260085280216|20260085280224|20260085280232|20260085280240|20260085280259|20260085280267|20260085280275|20260085280283|20260085280291|20260085280305|20260085280313|20260085280321|20260085280330|20260085280348|20260085280356|20260085280364|20260085280372|20260085280380|20260085280399|20260085280402|20260085280410|20260085280429|20260085280437|20260085280445|20260085280453|20260085280461|20260085280470|20260085280488|20260085280496|20260085280500;OBRA AUDIOVISUAL PUBLICITÁRIA BRASILEIRA FILMADA/GRAVADA NO BRASIL;RADIODIFUSÃO DE SONS E IMAGENS (TV ABERTA);30;SSOLL VÍDEO PRODUÇÕES LTDA;SILVIO CESAR CORREA;OPUSMULTIPLA COMUNICACAO INTEGRADA S/A;79.213.591/0001-35;IRMAOS MUFFATO S.A;76.430.438/0124-20;SSOLL VÍDEO PRODUÇÕES LTDA;3281;05.065.019/0001-30;PR;CASCAVEL
PASC GE3;20260085300007;01/04/2026;;01/04/2027;CADASTRADO;;VAREJO;COMUM;50;20260085300012|20260085300020|20260085300039|20260085300047|20260085300055|20260085300063|20260085300071|20260085300080|20260085300098|20260085300101|20260085300110|20260085300128|20260085300136|20260085300144|20260085300152|20260085300160|20260085300179|20260085300187|20260085300195|20260085300209|20260085300217|20260085300225|20260085300233|20260085300241|20260085300250|20260085300268|20260085300276|20260085300284|20260085300292|20260085300306|20260085300314|20260085300322|20260085300330|20260085300349|20260085300357|20260085300365|20260085300373|20260085300381|20260085300390|20260085300403|20260085300411|20260085300420|20260085300438|20260085300446|20260085300454|20260085300462|20260085300470|20260085300489|20260085300497|20260085300500;OBRA AUDIOVISUAL PUBLICITÁRIA BRASILEIRA FILMADA/GRAVADA NO BRASIL;RADIODIFUSÃO DE SONS E IMAGENS (TV ABERTA);30;SSOLL VÍDEO PRODUÇÕES LTDA;SILVIO CESAR CORREA;OPUSMULTIPLA COMUNICACAO INTEGRADA S/A;79.213.591/0001-35;IRMAOS MUFFATO S.A;76.430.438/0124-20;SSOLL VÍDEO PRODUÇÕES LTDA;3281;05.065.019/0001-30;PR;CASCAVEL
PEIXE NA MESA 2026;20260085470000;01/04/2026;01/04/2026;01/04/2027;REGISTRADO;;INSTITUCIONAL;COMUM;5;20260085470015|20260085470023|20260085470031|20260085470040|20260085470058;OBRA AUDIOVISUAL PUBLICITÁRIA BRASILEIRA FILMADA/GRAVADA NO BRASIL;RADIODIFUSÃO DE SONS E IMAGENS (TV ABERTA);30;ÍCONE COMÉRCIO DE ÁUDIO E VÍDEO LTDA;JEAN PAUL BARRETO FERRAZ;MORYA COMUNICACAO E PROPAGANDA LTDA;15.250.483/0001-50;ITABUNA PREFEITURA;14.147.490/0001-68;ÍCONE COMÉRCIO DE ÁUDIO E VÍDEO LTDA;6521;07.739.908/0001-60;BA;ITABUNA
PLANALTO 03 05 04 26 A;20260085090002;01/04/2026;01/04/2026;01/04/2027;REGISTRADO;BRASIL;Serviço;COMUM;2;20260085090018|20260085090026;OBRA AUDIOVISUAL PUBLICITÁRIA ESTRANGEIRA;RADIODIFUSÃO DE SONS E IMAGENS (TV ABERTA);30;;;MANICARDI FILMES LTDA;34.228.476/0001-04;J. MARTINS SUPERMERCADO PLANALTO LTDA;76.361.807/0001-11;MANICARDI FILMES LTDA;57415;34.228.476/0001-04;PR;UMUARAMA
PR SUPER 01 de abril;20260085590005;01/04/2026;01/04/2026;01/04/2027;REGISTRADO;;VT Tabloide;COMUM;;;OBRA AUDIOVISUAL PUBLICITÁRIA BRASILEIRA FILMADA/GRAVADA NO BRASIL;RADIODIFUSÃO DE SONS E IMAGENS (TV ABERTA);30;FELIPE MARCONATTO DE ANDRADE;TATIANA DE PAULA LOPES;3R PARANÁ EDITORA LTDA.;14.905.383/0001-51;TONELLO E MACHADO DA LUZ LTDA;76.260.017/0001-40;FELIPE MARCONATTO DE ANDRADE;58448;13.753.159/0001-29;PR;CURITIBA
PRADO PÁSCOA;20260085750002;01/04/2026;01/04/2026;01/04/2027;REGISTRADO;;SUPERMERCADOS;COMUM;;;OBRA AUDIOVISUAL PUBLICITÁRIA BRASILEIRA FILMADA/GRAVADA NO BRASIL;RADIODIFUSÃO DE SONS E IMAGENS (TV ABERTA);30;57.754.224 MARCOS AURELIO GASPERI;MARCOS AURELIO GASPERI;;NÃO INFORMADO;PRADO SUPERMERCADO LTDA;09.199.938/0002-38;57.754.224 MARCOS AURELIO GASPERI;60012;57.754.224/0001-06;SC;FLORIANOPOLIS
PREMIOS 612;20260085350004;01/04/2026;01/04/2026;01/04/2027;REGISTRADO;;PROMOCIONAL;COMUM;;;OBRA AUDIOVISUAL PUBLICITÁRIA BRASILEIRA FILMADA/GRAVADA NO BRASIL;TODOS OS SEGMENTOS DE MERCADO;30;PRO - MAKER VIDEO PRODUCOES LTDA;LEONARDO HENRIQUE GONCALVES;J. NERI COMUNICACAO E PROPAGANDA LTDA. - ME;18.957.060/0001-62;ABRAPA ASSOCIACAO BRASILEIRA DE APOIO AOS PORTADORES DE AIDS;07.055.645/0001-70;PRO - MAKER VIDEO PRODUCOES LTDA;27652;20.737.505/0001-40;PR;CASCAVEL
PREMIOS 613;20260085380000;01/04/2026;01/04/2026;01/04/2027;REGISTRADO;;PROMOCIONAL;COMUM;;;OBRA AUDIOVISUAL PUBLICITÁRIA BRASILEIRA FILMADA/GRAVADA NO BRASIL;TODOS OS SEGMENTOS DE MERCADO;30;PRO - MAKER VIDEO PRODUCOES LTDA;LEONARDO HENRIQUE GONCALVES;J. NERI COMUNICACAO E PROPAGANDA LTDA. - ME;18.957.060/0001-62;ABRAPA ASSOCIACAO BRASILEIRA DE APOIO AOS PORTADORES DE AIDS;07.055.645/0001-70;PRO - MAKER VIDEO PRODUCOES LTDA;27652;20.737.505/0001-40;PR;CASCAVEL
PREMIOS 614;20260085400001;01/04/2026;01/04/2026;01/04/2027;REGISTRADO;;PROMOCIONAL;COMUM;;;OBRA AUDIOVISUAL PUBLICITÁRIA BRASILEIRA FILMADA/GRAVADA NO BRASIL;TODOS OS SEGMENTOS DE MERCADO;30;PRO - MAKER VIDEO PRODUCOES LTDA;LEONARDO HENRIQUE GONCALVES;J. NERI COMUNICACAO E PROPAGANDA LTDA. - ME;18.957.060/0001-62;ABRAPA ASSOCIACAO BRASILEIRA DE APOIO AOS PORTADORES DE AIDS;07.055.645/0001-70;PRO - MAKER VIDEO PRODUCOES LTDA;27652;20.737.505/0001-40;PR;CASCAVEL
PROMO REDE TEATRO 2026 A;20260085870008;01/04/2026;01/04/2026;01/04/2027;REGISTRADO;;INSTITUCIONAL;COMUM;5;20260085870013|20260085870021|20260085870030|20260085870048|20260085870056;OBRA AUDIOVISUAL PUBLICITÁRIA BRASILEIRA FILMADA/GRAVADA NO BRASIL;RADIODIFUSÃO DE SONS E IMAGENS (TV ABERTA);60;SOCIEDADE RADIO EMISSORA PARANAENSE SA;MARCELO MORAES DIAS LOPES;;NÃO INFORMADO;SOCIEDADE RADIO EMISSORA PARANAENSE SA;76.494.806/0001-45;SOCIEDADE RADIO EMISSORA PARANAENSE SA;2754;76.494.806/0001-45;PR;CURITIBA
PSB PARAÍBA 03;20260086090006;01/04/2026;01/04/2026;01/04/2027;REGISTRADO;;PARTIDO;COMUM;3;20260086090011|20260086090020|20260086090038;OBRA AUDIOVISUAL PUBLICITÁRIA BRASILEIRA FILMADA/GRAVADA NO BRASIL;RADIODIFUSÃO DE SONS E IMAGENS (TV ABERTA);30;J B ANDRADE FILMS PUBLICIDADE E MARKETING;JOBSON BARBOSA ANDRADE;;NÃO INFORMADO;PARTIDO SOCIALISTA BRASILEIRO;02.511.280/0001-28;J B ANDRADE FILMS PUBLICIDADE E MARKETING;42431;31.700.217/0001-38;PB;JOAO PESSOA
PULLSE MODA2026;20260085990003;01/04/2026;;01/04/2027;CADASTRADO;;VAREJO;COMUM;;;OBRA AUDIOVISUAL PUBLICITÁRIA BRASILEIRA FILMADA/GRAVADA NO BRASIL;TODOS OS SEGMENTOS DE MERCADO;90;FRONT PRODUCOES E CONTEUDO LTDA;SAMUEL LOPES WUO;PULLSE COMUNICACAO LTDA;30.479.615/0001-03;HAVAN LOJAS DE DEPARTAMENTOS LTDA;79.379.491/0001-83;FRONT PRODUCOES E CONTEUDO LTDA;51394;46.265.076/0001-40;SP;SAO PAULO
PULLSE MODA2026;20260086080000;01/04/2026;;01/04/2027;CADASTRADO;;VAREJO;COMUM;50;20260086080016|20260086080024|20260086080032|20260086080040|20260086080059|20260086080067|20260086080075|20260086080083|20260086080091|20260086080105|20260086080113|20260086080121|20260086080130|20260086080148|20260086080156|20260086080164|20260086080172|20260086080180|20260086080199|20260086080202|20260086080210|20260086080229|20260086080237|20260086080245|20260086080253|20260086080261|20260086080270|20260086080288|20260086080296|20260086080300|20260086080318|20260086080326|20260086080334|20260086080342|20260086080350|20260086080369|20260086080377|20260086080385|20260086080393|20260086080407|20260086080415|20260086080423|20260086080431|20260086080440|20260086080458|20260086080466|20260086080474|20260086080482|20260086080490|20260086080504;OBRA AUDIOVISUAL PUBLICITÁRIA BRASILEIRA FILMADA/GRAVADA NO BRASIL;TODOS OS SEGMENTOS DE MERCADO;90;FRONT PRODUCOES E CONTEUDO LTDA;SAMUEL LOPES WUO;PULLSE COMUNICACAO LTDA;30.479.615/0001-03;HAVAN LOJAS DE DEPARTAMENTOS LTDA;79.379.491/0001-83;FRONT PRODUCOES E CONTEUDO LTDA;51394;46.265.076/0001-40;SP;SAO PAULO
Parceria Ceará Brasil;20260085500006;01/04/2026;;01/04/2027;CADASTRADO;;Filme institucional;COMUM;6;20260085500011|20260085500020|20260085500038|20260085500046|20260085500054;OBRA AUDIOVISUAL PUBLICITÁRIA BRASILEIRA FILMADA/GRAVADA NO BRASIL;TODOS OS SEGMENTOS DE MERCADO;60;1111 FILMES E CONTEUDO LTDA;TADEU VIEIRA MARINHO;MORYA COMUNICACAO E PROPAGANDA LTDA;15.250.483/0008-26;CASA CIVIL;09.469.891/0001-02;1111 FILMES E CONTEUDO LTDA;34063;22.744.857/0001-59;CE;EUSEBIO
Plantão de Estofados;20260075140007;23/03/2026;01/04/2026;23/03/2027;REGISTRADO;;Ciello Moveis;COMUM;2;20260075140012|20260075140020;OBRA AUDIOVISUAL PUBLICITÁRIA BRASILEIRA FILMADA/GRAVADA NO BRASIL;OUTROS MERCADOS;15;DOUGLAS SAN GREGORIO ***********;DOUGLAS SAN GREGORIO;;NÃO INFORMADO;DOM ANTONIO COM RCIO DE M VEIS EIRELI;22.636.305/0001-27;DOUGLAS SAN GREGORIO ***********;40531;18.564.822/0001-60;PR;COLOMBO
Poupança B;20260085510001;01/04/2026;;01/04/2027;CADASTRADO;;Sicredi Poupança;COMUM;5;20260085510017|20260085510025|20260085510033|20260085510041|20260085510050;OBRA AUDIOVISUAL PUBLICITÁRIA BRASILEIRA FILMADA/GRAVADA NO BRASIL;TODOS OS SEGMENTOS DE MERCADO;15;VIDEOGRAPHICA SERVIÇOS E PARTICIPAÇÕES LTDA;NICOLE GROSMAN FISCHER;HOC - HUNGRY OF CREATIVITY LTDA;10.856.009/0001-52;COOPERATIVA CENTRAL DE CREDITO, POUPANCA E INVESTIMENTO DOS ESTADOS DO PARANA, SAO PAULO E RIO DE JANEIRO - CENTRAL SICREDI PR/SP/RJ;80.230.774/0001-48;VIDEOGRAPHICA SERVIÇOS E PARTICIPAÇÕES LTDA;158;61.372.843/0001-03;SP;SAO PAULO
Prefs 2;20260085930000;01/04/2026;01/04/2026;01/04/2027;REGISTRADO;;Orgão público;COMUM;5;20260085930016|20260085930024|20260085930032|20260085930040|20260085930059;OBRA AUDIOVISUAL PUBLICITÁRIA BRASILEIRA FILMADA/GRAVADA NO BRASIL;RADIODIFUSÃO DE SONS E IMAGENS (TV ABERTA);30;AMORIM LIMA & SOUZA AMORIM LTDA - ME;EVERSON CARLOS DO NASCIMENTO MOREIRA;;NÃO INFORMADO;MUNICIPIO DE SANTA INES;06.198.949/0001-24;AMORIM LIMA & SOUZA AMORIM LTDA - ME;23228;17.018.931/0001-10;MA;SANTA INES
QUINTA CARNE 01;20260085860002;01/04/2026;01/04/2026;01/04/2027;REGISTRADO;BRASIL;SERVIÇO;COMUM;;;OBRA AUDIOVISUAL PUBLICITÁRIA ESTRANGEIRA;RADIODIFUSÃO DE SONS E IMAGENS (TV ABERTA);15;;;WEBER OLIVEIRA - ***********;22.785.255/0001-40;A B COMERCIO DE PRODUTOS ALIMENTICIOS LTDA;63.796.207/0001-34;WEBER OLIVEIRA - ***********;33495;22.785.255/0001-40;GO;ANAPOLIS
RAIZES JABOTIANA;20260085170006;01/04/2026;01/04/2026;01/04/2027;REGISTRADO;;RAIZES JABOTIANA;COMUM;5;20260085170011|20260085170020|20260085170038|20260085170046|20260085170054;OBRA AUDIOVISUAL PUBLICITÁRIA BRASILEIRA FILMADA/GRAVADA NO BRASIL;TODOS OS SEGMENTOS DE MERCADO;30;LAMPARINA ANIMACAO E PRODUCAO DE VIDEOS LTDA;RODRIGO ANDRADE SANTOS;TEASER COMUNICACAO E MARKETING LTDA - EPP;09.381.167/0001-14;IMPACTO CONSTRUCOES E MONTAGENS LTDA;13.372.750/0001-36;LAMPARINA ANIMACAO E PRODUCAO DE VIDEOS LTDA;21880;15.667.476/0001-58;SE;ARACAJU
RIO VALE ATACADO - ABRIL;20260085260005;01/04/2026;01/04/2026;01/04/2027;REGISTRADO;;INSTITUCIONAL;COMUM;6;20260085260010|20260085260029|20260085260037|20260085260045|20260085260053;OBRA AUDIOVISUAL PUBLICITÁRIA BRASILEIRA FILMADA/GRAVADA NO BRASIL;TODOS OS SEGMENTOS DE MERCADO;60;MATHEUS DAVID SÁ FAJARDO PRODUÇÃO AUDIOVISUAL;MATHEUS DAVID SA FAJARDO;MF SANTI PUBLICIDADE E PROPAGANDA LTDA;54.891.249/0001-63;RIO VALE DISTRIBUIDORA DE BEBIDAS, ALIMENTOS E COMERCIO EM GERAL LTDA.;08.740.247/0001-56;MATHEUS DAVID SÁ FAJARDO PRODUÇÃO AUDIOVISUAL;52507;30.621.686/0001-07;SP;TAUBATE
Rastro Laranja;20260084740003;31/03/2026;01/04/2026;31/03/2027;REGISTRADO;;Institucional;COMUM;5;20260084740019|20260084740027|20260084740035|20260084740043|20260084740051;OBRA AUDIOVISUAL PUBLICITÁRIA BRASILEIRA FILMADA/GRAVADA NO BRASIL;TODOS OS SEGMENTOS DE MERCADO;30;NOTAN ILUSTRAÇÕES E PRODUÇÕES AUDIOVISUAIS LTDA;MARCOS DE MORAES SAMPAIO;GALERIA ESTRATÉGIA E COMUNICAÇÃO LTDA;42.632.634/0001-07;ITAÚ UNIBANCO S.A;60.701.190/0001-04;NOTAN ILUSTRAÇÕES E PRODUÇÕES AUDIOVISUAIS LTDA;40213;09.053.891/0001-19;SP;SAO PAULO
Resgate o Colégio Conselheiro Mafra;20260084990000;01/04/2026;01/04/2026;01/04/2027;REGISTRADO;;COMERCIAL;COMUM;2;20260084990015|20260084990023;OBRA AUDIOVISUAL PUBLICITÁRIA BRASILEIRA FILMADA/GRAVADA NO BRASIL;TODOS OS SEGMENTOS DE MERCADO;30;17.322.487 VANIA APARECIDA HILARIO BARBARA;FELIPE HILARIO BARBARA;;NÃO INFORMADO;ASSOCIACAO CORPO DE BOMBEIROS VOLUNTARIOS DE JOINVILLE;84.712.991/0001-25;17.322.487 VANIA APARECIDA HILARIO BARBARA;56270;17.322.487/0001-21;SP;BARRETOS
Rio Verde GWM 4x4 TECNOSHOW RV;20260086190000;01/04/2026;01/04/2026;01/04/2027;REGISTRADO;;CARRO;COMUM;;;OBRA AUDIOVISUAL PUBLICITÁRIA BRASILEIRA FILMADA/GRAVADA NO BRASIL;RADIODIFUSÃO DE SONS E IMAGENS (TV ABERTA);30;CAPADOCIA PRODUCOES LTDA;GUSTAVO FERREIRA CAIXETA;;NÃO INFORMADO;NAVESA MOTORS LTDA;48.952.219/0001-17;CAPADOCIA PRODUCOES LTDA;49232;40.158.696/0001-01;GO;ANAPOLIS
SAC ABR 2026 30s;20260085780009;01/04/2026;01/04/2026;01/04/2027;REGISTRADO;;LOJA DE DEPARTAMENTO;COMUM;5;20260085780014|20260085780022|20260085780030|20260085780049|20260085780057;OBRA AUDIOVISUAL PUBLICITÁRIA BRASILEIRA FILMADA/GRAVADA NO BRASIL;RADIODIFUSÃO DE SONS E IMAGENS (TV ABERTA);30;WAWS COMUNICACAO LTDA;TULIO LUIZ DE MELO ALBERTO DANTAS;WAWS DIGITAL LTDA;45.985.329/0001-97;E H M DINIZ;41.005.190/0001-17;WAWS COMUNICACAO LTDA;44698;30.542.149/0001-63;RN;NATAL
SELFIT 2026;20260085910000;01/04/2026;;01/04/2027;CADASTRADO;;ACADEMIA;COMUM;5;20260085910015|20260085910023|20260085910031|20260085910040|20260085910058;OBRA AUDIOVISUAL PUBLICITÁRIA BRASILEIRA FILMADA/GRAVADA NO BRASIL;TODOS OS SEGMENTOS DE MERCADO;30;BNP PRODUTORA DE VIDEOS E CONTEUDO LTDA;DIEGO NOGUEIRA CORREIA;RGA PROPAGANDA LTDA - ME;10.224.340/0001-50;SELF IT ACADEMIAS HOLDING S.A.;22.902.694/0001-95;BNP PRODUTORA DE VIDEOS E CONTEUDO LTDA;45716;31.711.474/0001-75;PE;RECIFE
SMEC FUTURO;20260085840001;01/04/2026;01/04/2026;01/04/2027;REGISTRADO;;VT COMERCIAL;COMUM;;;OBRA AUDIOVISUAL PUBLICITÁRIA BRASILEIRA FILMADA/GRAVADA NO BRASIL;RADIODIFUSÃO DE SONS E IMAGENS (TV ABERTA);30;ML AGENCIA E PRODUTORA LTDA;LEONARDO HOMEM GONCALVES;FLB PUBLICIDADE E PROPAGANDA LTDA - ME;20.770.179/0001-73;MUNICIPIO DE CRICIUMA;82.916.818/0001-13;ML AGENCIA E PRODUTORA LTDA;52419;45.704.037/0001-39;SC;JAGUARUNA
SS ABR 2026 15s;20260085690000;01/04/2026;01/04/2026;01/04/2027;REGISTRADO;;SUPERMERCADO;COMUM;5;20260085690015|20260085690023|20260085690031|20260085690040|20260085690058;OBRA AUDIOVISUAL PUBLICITÁRIA BRASILEIRA FILMADA/GRAVADA NO BRASIL;RADIODIFUSÃO DE SONS E IMAGENS (TV ABERTA);15;WAWS COMUNICACAO LTDA;TULIO LUIZ DE MELO ALBERTO DANTAS;WAWS DIGITAL LTDA;45.985.329/0001-97;ASSOCIACAO DOS VAREJISTAS DO ESTADO DO RIO GRANDE DO NORTE - AVERN;06.971.118/0001-43;WAWS COMUNICACAO LTDA;44698;30.542.149/0001-63;RN;NATAL
SS ABR 2026 30s;20260085740007;01/04/2026;01/04/2026;01/04/2027;REGISTRADO;;SUPERMERCADO;COMUM;5;20260085740012|20260085740020|20260085740039|20260085740047|20260085740055;OBRA AUDIOVISUAL PUBLICITÁRIA BRASILEIRA FILMADA/GRAVADA NO BRASIL;RADIODIFUSÃO DE SONS E IMAGENS (TV ABERTA);30;WAWS COMUNICACAO LTDA;TULIO LUIZ DE MELO ALBERTO DANTAS;WAWS DIGITAL LTDA;45.985.329/0001-97;ASSOCIACAO DOS VAREJISTAS DO ESTADO DO RIO GRANDE DO NORTE - AVERN;06.971.118/0001-43;WAWS COMUNICACAO LTDA;44698;30.542.149/0001-63;RN;NATAL
SS ABR 26 15s;20260085720006;01/04/2026;01/04/2026;01/04/2027;REGISTRADO;;SUPERMERCADO;COMUM;5;20260085720011|20260085720020|20260085720038|20260085720046|20260085720054;OBRA AUDIOVISUAL PUBLICITÁRIA BRASILEIRA FILMADA/GRAVADA NO BRASIL;RADIODIFUSÃO DE SONS E IMAGENS (TV ABERTA);15;WAWS COMUNICACAO LTDA;TULIO LUIZ DE MELO ALBERTO DANTAS;WAWS DIGITAL LTDA;45.985.329/0001-97;ASSOCIACAO DOS VAREJISTAS DO ESTADO DO RIO GRANDE DO NORTE - AVERN;06.971.118/0001-43;WAWS COMUNICACAO LTDA;44698;30.542.149/0001-63;RN;NATAL
SS ABR 26 30s;20260085760008;01/04/2026;01/04/2026;01/04/2027;REGISTRADO;;SUPERMERCADO;COMUM;5;20260085760013|20260085760021|20260085760030|20260085760048|20260085760056;OBRA AUDIOVISUAL PUBLICITÁRIA BRASILEIRA FILMADA/GRAVADA NO BRASIL;RADIODIFUSÃO DE SONS E IMAGENS (TV ABERTA);30;WAWS COMUNICACAO LTDA;TULIO LUIZ DE MELO ALBERTO DANTAS;WAWS DIGITAL LTDA;45.985.329/0001-97;ASSOCIACAO DOS VAREJISTAS DO ESTADO DO RIO GRANDE DO NORTE - AVERN;06.971.118/0001-43;WAWS COMUNICACAO LTDA;44698;30.542.149/0001-63;RN;NATAL
SS RBSNEG26;20260085390006;01/04/2026;;01/04/2027;CADASTRADO;;VT COBERTURA DE EVENTO;COMUM;;;OBRA AUDIOVISUAL PUBLICITÁRIA BRASILEIRA FILMADA/GRAVADA NO BRASIL;RADIODIFUSÃO DE SONS E IMAGENS (TV ABERTA);90;NATHANIEL NICOLAS MACHADO LTDA;NATHANIEL NICOLAS MACHADO;;NÃO INFORMADO;RBS - ZERO HORA EDITORA JORNALISTICA S.A.;92.821.701/0001-00;NATHANIEL NICOLAS MACHADO LTDA;62364;61.149.173/0001-60;RS;PORTO ALEGRE
SSD CLINICAL REPAIR CR;20260062620005;10/03/2026;01/04/2026;10/03/2027;REGISTRADO;;SENSODYNE CLINICAL REPAIR;COMUM;5;20260062620010|20260062620029|20260062620037|20260062620045|20260062620053;OBRA AUDIOVISUAL PUBLICITÁRIA BRASILEIRA FILMADA/GRAVADA NO BRASIL;TODOS OS SEGMENTOS DE MERCADO;30;CONTEÚDO URBANO PRODUTORA LTDA - EPP;DOUGLAS SMYLLE MOMBELLI MONTEIRO;PUBLICIS BRASIL COMUNICACAO LTDA;74.561.580/0003-94;HALEON BRASIL DISTRIBUIDORA LTDA;21.892.032/0001-19;CONTEÚDO URBANO PRODUTORA LTDA - EPP;22168;16.098.654/0001-30;SP;SAO PAULO
SV 2025 S;20260085620001;01/04/2026;;01/04/2027;CADASTRADO;;VAREJO;COMUM;50;20260085620017|20260085620025|20260085620033|20260085620041|20260085620050|20260085620068|20260085620076|20260085620084|20260085620092|20260085620106|20260085620114|20260085620122|20260085620130|20260085620149|20260085620157|20260085620165|20260085620173|20260085620181|20260085620190|20260085620203|20260085620211|20260085620220|20260085620238|20260085620246|20260085620254|20260085620262|20260085620270|20260085620289|20260085620297|20260085620300|20260085620319|20260085620327|20260085620335|20260085620343|20260085620351|20260085620360|20260085620378|20260085620386|20260085620394|20260085620408|20260085620416|20260085620424|20260085620432|20260085620440|20260085620459|20260085620467|20260085620475|20260085620483|20260085620491|20260085620505;OBRA AUDIOVISUAL PUBLICITÁRIA BRASILEIRA FILMADA/GRAVADA NO BRASIL;TODOS OS SEGMENTOS DE MERCADO;30;TRIPLE A PRODUCAO CROSSMEDIA LTDA;DANIEL MIRANDA BARBOSA;MMS BRASIL COMUNICACAO LTDA.;03.151.711/0005-89;BOMPREÇO BAHIA SUPERMERCADOS LTDA.;97.422.620/0001-50;TRIPLE A PRODUCAO CROSSMEDIA LTDA;28782;04.052.011/0001-76;SP;SAO PAULO
SV 2025 S;20260085620001;01/04/2026;;01/04/2027;CADASTRADO;;VAREJO;COMUM;50;20260085620017|20260085620025|20260085620033|20260085620041|20260085620050|20260085620068|20260085620076|20260085620084|20260085620092|20260085620106|20260085620114|20260085620122|20260085620130|20260085620149|20260085620157|20260085620165|20260085620173|20260085620181|20260085620190|20260085620203|20260085620211|20260085620220|20260085620238|20260085620246|20260085620254|20260085620262|20260085620270|20260085620289|20260085620297|20260085620300|20260085620319|20260085620327|20260085620335|20260085620343|20260085620351|20260085620360|20260085620378|20260085620386|20260085620394|20260085620408|20260085620416|20260085620424|20260085620432|20260085620440|20260085620459|20260085620467|20260085620475|20260085620483|20260085620491|20260085620505;OBRA AUDIOVISUAL PUBLICITÁRIA BRASILEIRA FILMADA/GRAVADA NO BRASIL;TODOS OS SEGMENTOS DE MERCADO;30;TRIPLE A PRODUCAO CROSSMEDIA LTDA;DANIEL MIRANDA BARBOSA;MMS BRASIL COMUNICACAO LTDA.;03.151.711/0005-89;BOMPRECO SUPERMERCADOS DO NORDESTE LTDA;13.004.510/0001-89;TRIPLE A PRODUCAO CROSSMEDIA LTDA;28782;04.052.011/0001-76;SP;SAO PAULO
SV 2025 S;20260085620001;01/04/2026;;01/04/2027;CADASTRADO;;VAREJO;COMUM;50;20260085620017|20260085620025|20260085620033|20260085620041|20260085620050|20260085620068|20260085620076|20260085620084|20260085620092|20260085620106|20260085620114|20260085620122|20260085620130|20260085620149|20260085620157|20260085620165|20260085620173|20260085620181|20260085620190|20260085620203|20260085620211|20260085620220|20260085620238|20260085620246|20260085620254|20260085620262|20260085620270|20260085620289|20260085620297|20260085620300|20260085620319|20260085620327|20260085620335|20260085620343|20260085620351|20260085620360|20260085620378|20260085620386|20260085620394|20260085620408|20260085620416|20260085620424|20260085620432|20260085620440|20260085620459|20260085620467|20260085620475|20260085620483|20260085620491|20260085620505;OBRA AUDIOVISUAL PUBLICITÁRIA BRASILEIRA FILMADA/GRAVADA NO BRASIL;TODOS OS SEGMENTOS DE MERCADO;30;TRIPLE A PRODUCAO CROSSMEDIA LTDA;DANIEL MIRANDA BARBOSA;MMS BRASIL COMUNICACAO LTDA.;03.151.711/0005-89;CARREFOUR COMERCIO E INDUSTRIA LTDA;45.543.915/0001-81;TRIPLE A PRODUCAO CROSSMEDIA LTDA;28782;04.052.011/0001-76;SP;SAO PAULO
SV 2025 S;20260085620001;01/04/2026;;01/04/2027;CADASTRADO;;VAREJO;COMUM;50;20260085620017|20260085620025|20260085620033|20260085620041|20260085620050|20260085620068|20260085620076|20260085620084|20260085620092|20260085620106|20260085620114|20260085620122|20260085620130|20260085620149|20260085620157|20260085620165|20260085620173|20260085620181|20260085620190|20260085620203|20260085620211|20260085620220|20260085620238|20260085620246|20260085620254|20260085620262|20260085620270|20260085620289|20260085620297|20260085620300|20260085620319|20260085620327|20260085620335|20260085620343|20260085620351|20260085620360|20260085620378|20260085620386|20260085620394|20260085620408|20260085620416|20260085620424|20260085620432|20260085620440|20260085620459|20260085620467|20260085620475|20260085620483|20260085620491|20260085620505;OBRA AUDIOVISUAL PUBLICITÁRIA BRASILEIRA FILMADA/GRAVADA NO BRASIL;TODOS OS SEGMENTOS DE MERCADO;30;TRIPLE A PRODUCAO CROSSMEDIA LTDA;DANIEL MIRANDA BARBOSA;MMS BRASIL COMUNICACAO LTDA.;03.151.711/0005-89;WMS SUPERMERCADOS DO BRASIL LTDA.;93.209.765/0001-17;TRIPLE A PRODUCAO CROSSMEDIA LTDA;28782;04.052.011/0001-76;SP;SAO PAULO
SV 2025 S;20260085620001;01/04/2026;;01/04/2027;CADASTRADO;;VAREJO;COMUM;50;20260085620017|20260085620025|20260085620033|20260085620041|20260085620050|20260085620068|20260085620076|20260085620084|20260085620092|20260085620106|20260085620114|20260085620122|20260085620130|20260085620149|20260085620157|20260085620165|20260085620173|20260085620181|20260085620190|20260085620203|20260085620211|20260085620220|20260085620238|20260085620246|20260085620254|20260085620262|20260085620270|20260085620289|20260085620297|20260085620300|20260085620319|20260085620327|20260085620335|20260085620343|20260085620351|20260085620360|20260085620378|20260085620386|20260085620394|20260085620408|20260085620416|20260085620424|20260085620432|20260085620440|20260085620459|20260085620467|20260085620475|20260085620483|20260085620491|20260085620505;OBRA AUDIOVISUAL PUBLICITÁRIA BRASILEIRA FILMADA/GRAVADA NO BRASIL;TODOS OS SEGMENTOS DE MERCADO;30;TRIPLE A PRODUCAO CROSSMEDIA LTDA;DANIEL MIRANDA BARBOSA;MMS BRASIL COMUNICACAO LTDA.;03.151.711/0005-89;WMB SUPERMERCADOS DO BRASIL LTDA.;00.063.960/0001-09;TRIPLE A PRODUCAO CROSSMEDIA LTDA;28782;04.052.011/0001-76;SP;SAO PAULO
SV 2025 T;20260085640002;01/04/2026;;01/04/2027;CADASTRADO;;VAREJO;COMUM;50;20260085640018|20260085640026|20260085640034|20260085640042|20260085640050|20260085640069|20260085640077|20260085640085|20260085640093|20260085640107|20260085640115|20260085640123|20260085640131|20260085640140|20260085640158|20260085640166|20260085640174|20260085640182|20260085640190|20260085640204|20260085640212|20260085640220|20260085640239|20260085640247|20260085640255|20260085640263|20260085640271|20260085640280|20260085640298|20260085640301|20260085640310|20260085640328|20260085640336|20260085640344|20260085640352|20260085640360|20260085640379|20260085640387|20260085640395|20260085640409|20260085640417|20260085640425|20260085640433|20260085640441|20260085640450|20260085640468|20260085640476|20260085640484|20260085640492|20260085640506;OBRA AUDIOVISUAL PUBLICITÁRIA BRASILEIRA FILMADA/GRAVADA NO BRASIL;TODOS OS SEGMENTOS DE MERCADO;30;TRIPLE A PRODUCAO CROSSMEDIA LTDA;DANIEL MIRANDA BARBOSA;MMS BRASIL COMUNICACAO LTDA.;03.151.711/0005-89;BOMPRECO SUPERMERCADOS DO NORDESTE LTDA;13.004.510/0001-89;TRIPLE A PRODUCAO CROSSMEDIA LTDA;28782;04.052.011/0001-76;SP;SAO PAULO
SV 2025 T;20260085640002;01/04/2026;;01/04/2027;CADASTRADO;;VAREJO;COMUM;50;20260085640018|20260085640026|20260085640034|20260085640042|20260085640050|20260085640069|20260085640077|20260085640085|20260085640093|20260085640107|20260085640115|20260085640123|20260085640131|20260085640140|20260085640158|20260085640166|20260085640174|20260085640182|20260085640190|20260085640204|20260085640212|20260085640220|20260085640239|20260085640247|20260085640255|20260085640263|20260085640271|20260085640280|20260085640298|20260085640301|20260085640310|20260085640328|20260085640336|20260085640344|20260085640352|20260085640360|20260085640379|20260085640387|20260085640395|20260085640409|20260085640417|20260085640425|20260085640433|20260085640441|20260085640450|20260085640468|20260085640476|20260085640484|20260085640492|20260085640506;OBRA AUDIOVISUAL PUBLICITÁRIA BRASILEIRA FILMADA/GRAVADA NO BRASIL;TODOS OS SEGMENTOS DE MERCADO;30;TRIPLE A PRODUCAO CROSSMEDIA LTDA;DANIEL MIRANDA BARBOSA;MMS BRASIL COMUNICACAO LTDA.;03.151.711/0005-89;BOMPREÇO BAHIA SUPERMERCADOS LTDA.;97.422.620/0001-50;TRIPLE A PRODUCAO CROSSMEDIA LTDA;28782;04.052.011/0001-76;SP;SAO PAULO
SV 2025 T;20260085640002;01/04/2026;;01/04/2027;CADASTRADO;;VAREJO;COMUM;50;20260085640018|20260085640026|20260085640034|20260085640042|20260085640050|20260085640069|20260085640077|20260085640085|20260085640093|20260085640107|20260085640115|20260085640123|20260085640131|20260085640140|20260085640158|20260085640166|20260085640174|20260085640182|20260085640190|20260085640204|20260085640212|20260085640220|20260085640239|20260085640247|20260085640255|20260085640263|20260085640271|20260085640280|20260085640298|20260085640301|20260085640310|20260085640328|20260085640336|20260085640344|20260085640352|20260085640360|20260085640379|20260085640387|20260085640395|20260085640409|20260085640417|20260085640425|20260085640433|20260085640441|20260085640450|20260085640468|20260085640476|20260085640484|20260085640492|20260085640506;OBRA AUDIOVISUAL PUBLICITÁRIA BRASILEIRA FILMADA/GRAVADA NO BRASIL;TODOS OS SEGMENTOS DE MERCADO;30;TRIPLE A PRODUCAO CROSSMEDIA LTDA;DANIEL MIRANDA BARBOSA;MMS BRASIL COMUNICACAO LTDA.;03.151.711/0005-89;CARREFOUR COMERCIO E INDUSTRIA LTDA;45.543.915/0001-81;TRIPLE A PRODUCAO CROSSMEDIA LTDA;28782;04.052.011/0001-76;SP;SAO PAULO
SV 2025 T;20260085640002;01/04/2026;;01/04/2027;CADASTRADO;;VAREJO;COMUM;50;20260085640018|20260085640026|20260085640034|20260085640042|20260085640050|20260085640069|20260085640077|20260085640085|20260085640093|20260085640107|20260085640115|20260085640123|20260085640131|20260085640140|20260085640158|20260085640166|20260085640174|20260085640182|20260085640190|20260085640204|20260085640212|20260085640220|20260085640239|20260085640247|20260085640255|20260085640263|20260085640271|20260085640280|20260085640298|20260085640301|20260085640310|20260085640328|20260085640336|20260085640344|20260085640352|20260085640360|20260085640379|20260085640387|20260085640395|20260085640409|20260085640417|20260085640425|20260085640433|20260085640441|20260085640450|20260085640468|20260085640476|20260085640484|20260085640492|20260085640506;OBRA AUDIOVISUAL PUBLICITÁRIA BRASILEIRA FILMADA/GRAVADA NO BRASIL;TODOS OS SEGMENTOS DE MERCADO;30;TRIPLE A PRODUCAO CROSSMEDIA LTDA;DANIEL MIRANDA BARBOSA;MMS BRASIL COMUNICACAO LTDA.;03.151.711/0005-89;WMB SUPERMERCADOS DO BRASIL LTDA.;00.063.960/0001-09;TRIPLE A PRODUCAO CROSSMEDIA LTDA;28782;04.052.011/0001-76;SP;SAO PAULO
SV 2025 T;20260085640002;01/04/2026;;01/04/2027;CADASTRADO;;VAREJO;COMUM;50;20260085640018|20260085640026|20260085640034|20260085640042|20260085640050|20260085640069|20260085640077|20260085640085|20260085640093|20260085640107|20260085640115|20260085640123|20260085640131|20260085640140|20260085640158|20260085640166|20260085640174|20260085640182|20260085640190|20260085640204|20260085640212|20260085640220|20260085640239|20260085640247|20260085640255|20260085640263|20260085640271|20260085640280|20260085640298|20260085640301|20260085640310|20260085640328|20260085640336|20260085640344|20260085640352|20260085640360|20260085640379|20260085640387|20260085640395|20260085640409|20260085640417|20260085640425|20260085640433|20260085640441|20260085640450|20260085640468|20260085640476|20260085640484|20260085640492|20260085640506;OBRA AUDIOVISUAL PUBLICITÁRIA BRASILEIRA FILMADA/GRAVADA NO BRASIL;TODOS OS SEGMENTOS DE MERCADO;30;TRIPLE A PRODUCAO CROSSMEDIA LTDA;DANIEL MIRANDA BARBOSA;MMS BRASIL COMUNICACAO LTDA.;03.151.711/0005-89;WMS SUPERMERCADOS DO BRASIL LTDA.;93.209.765/0001-17;TRIPLE A PRODUCAO CROSSMEDIA LTDA;28782;04.052.011/0001-76;SP;SAO PAULO
Saudecap-1/5abr-26;20260085540008;01/04/2026;01/04/2026;01/04/2027;REGISTRADO;;Sorteio;COMUM;5;20260085540013|20260085540021|20260085540030|20260085540048|20260085540056;OBRA AUDIOVISUAL PUBLICITÁRIA BRASILEIRA FILMADA/GRAVADA NO BRASIL;RADIODIFUSÃO DE SONS E IMAGENS (TV ABERTA);30;CONDUTA FILMES LTDA;FABIO ROGER DE OLIVEIRA;PAULO PAES JUNIOR - ME;00.411.591/0001-90;FUNDACAO PIO XII;49.150.352/0001-12;CONDUTA FILMES LTDA;51847;47.280.347/0001-07;SP;SAO JOSE DO RIO PRETO
Saudecap-15seg-1/5abr-26;20260085550003;01/04/2026;01/04/2026;01/04/2027;REGISTRADO;;Sorteio;COMUM;5;20260085550019|20260085550027|20260085550035|20260085550043|20260085550051;OBRA AUDIOVISUAL PUBLICITÁRIA BRASILEIRA FILMADA/GRAVADA NO BRASIL;RADIODIFUSÃO DE SONS E IMAGENS (TV ABERTA);15;CONDUTA FILMES LTDA;FABIO ROGER DE OLIVEIRA;PAULO PAES JUNIOR - ME;00.411.591/0001-90;FUNDACAO PIO XII;49.150.352/0001-12;CONDUTA FILMES LTDA;51847;47.280.347/0001-07;SP;SAO JOSE DO RIO PRETO
Seleção;20260086100001;01/04/2026;01/04/2026;01/04/2027;REGISTRADO;BRASIL;Materiais Elétricos;COMUM;;;OBRA AUDIOVISUAL PUBLICITÁRIA ESTRANGEIRA;RADIODIFUSÃO DE SONS E IMAGENS (TV ABERTA);15;;;ANDRE BERNARDINO DA SILVA;17.232.781/0001-42;PIZZATTO MATERIAIS ELÉTRICOS LTDA - EPP;04.181.115/0001-80;SERGIO LUIZ LUDESCHER;42583;PESSOA FÍSICA;SC;BLUMENAU
Supermercados Nicolini;20260085900004;01/04/2026;01/04/2026;01/04/2027;REGISTRADO;;Ofertas;COMUM;50;20260085900010|20260085900028|20260085900036|20260085900044|20260085900052|20260085900060|20260085900079|20260085900087|20260085900095|20260085900109|20260085900117|20260085900125|20260085900133|20260085900141|20260085900150|20260085900168|20260085900176|20260085900184|20260085900192|20260085900206|20260085900214|20260085900222|20260085900230|20260085900249|20260085900257|20260085900265|20260085900273|20260085900281|20260085900290|20260085900303|20260085900311|20260085900320|20260085900338|20260085900346|20260085900354|20260085900362|20260085900370|20260085900389|20260085900397|20260085900400|20260085900419|20260085900427|20260085900435|20260085900443|20260085900451|20260085900460|20260085900478|20260085900486|20260085900494|20260085900508;OBRA AUDIOVISUAL PUBLICITÁRIA BRASILEIRA FILMADA/GRAVADA NO BRASIL;RADIODIFUSÃO DE SONS E IMAGENS (TV ABERTA);15;TAIS ROSSATO BENFICA ***********;JOAO BATISTA ROSADO BENFICA;BERGA SERVIÇOS DE MARKETING LTDA;38.210.827/0001-00;OSMAR NICOLINI SUPERMERCADOS LTDA;89.835.672/0003-92;TAIS ROSSATO BENFICA ***********;59764;29.332.652/0001-05;RS;BAGE
TELECONSULTAS;20260083530005;31/03/2026;01/04/2026;31/03/2027;REGISTRADO;;SAÚDE;COMUM;3;20260083530010|20260083530029|20260083530037;OBRA AUDIOVISUAL PUBLICITÁRIA BRASILEIRA FILMADA/GRAVADA NO BRASIL;RADIODIFUSÃO DE SONS E IMAGENS (TV ABERTA);30;ALBERT FERNANDES SILVA ***********;ALBERT FERNANDES SILVA;LAPIS RARO AGENCIA DE COMUNICACAO LTDA;22.444.012/0001-48;MUNICIPIO DE BELO HORIZONTE;18.715.383/0001-40;ALBERT FERNANDES SILVA ***********;58425;36.129.950/0001-68;MG;BELO HORIZONTE
TELECONSULTAS;20260083540000;31/03/2026;01/04/2026;31/03/2027;REGISTRADO;;SAÚDE;COMUM;;;OBRA AUDIOVISUAL PUBLICITÁRIA BRASILEIRA FILMADA/GRAVADA NO BRASIL;OUTROS MERCADOS;15;ALBERT FERNANDES SILVA ***********;ALBERT FERNANDES SILVA;LAPIS RARO AGENCIA DE COMUNICACAO LTDA;22.444.012/0001-48;MUNICIPIO DE BELO HORIZONTE;18.715.383/0001-40;ALBERT FERNANDES SILVA ***********;58425;36.129.950/0001-68;MG;BELO HORIZONTE
Titano Produtor Rural 2;20260085460004;01/04/2026;01/04/2026;01/04/2027;REGISTRADO;;Veículos;COMUM;;;OBRA AUDIOVISUAL PUBLICITÁRIA BRASILEIRA FILMADA/GRAVADA NO BRASIL;RADIODIFUSÃO DE SONS E IMAGENS (TV ABERTA);7;BOOMERANG COMUNICAÇÃO E MARKETING LTDA;DANIEL DIAS TESSARI;DIAS TESSARI & DIAS TESSARI LTDA - ME;09.188.286/0001-55;VIME VEICULOS LTDA;86.504.776/0002-45;BOOMERANG COMUNICAÇÃO E MARKETING LTDA;51761;46.589.672/0001-85;SP;SAO JOSE DO RIO PARDO
Trimestre 2026 - 2;20260085950001;01/04/2026;01/04/2026;01/04/2027;REGISTRADO;;Material de acabamento;COMUM;5;20260085950017|20260085950025|20260085950033|20260085950041|20260085950050;OBRA AUDIOVISUAL PUBLICITÁRIA BRASILEIRA FILMADA/GRAVADA NO BRASIL;RADIODIFUSÃO DE SONS E IMAGENS (TV ABERTA);30;AMORIM LIMA & SOUZA AMORIM LTDA - ME;EVERSON CARLOS DO NASCIMENTO MOREIRA;;NÃO INFORMADO;IRMAOS SILVA SALES LTDA;10.417.608/0006-84;AMORIM LIMA & SOUZA AMORIM LTDA - ME;23228;17.018.931/0001-10;MA;SANTA INES
UNIMED SOROCABA DIA MUNDIAL DA SAÚDE;20260085220003;01/04/2026;01/04/2026;01/04/2027;REGISTRADO;;INSTITUCIONAL;COMUM;2;20260085220019|20260085220027;OBRA AUDIOVISUAL PUBLICITÁRIA BRASILEIRA FILMADA/GRAVADA NO BRASIL;RADIODIFUSÃO DE SONS E IMAGENS (TV ABERTA);7;BATUTA FILMES LTDA;ALEXANDRE MILIANI;ATUA AGENCIA S.A.;10.808.183/0001-20;UNIMED DE SOROCABA COOPERATIVA DE TRABALHO MEDICO;45.399.961/0001-59;BATUTA FILMES LTDA;2834;07.026.323/0001-01;SP;SOROCABA
UP NA VIDA;20260086110007;01/04/2026;01/04/2026;01/04/2027;REGISTRADO;;Alimentos e suplementos;COMUM;5;20260086110012|20260086110020|20260086110039|20260086110047|20260086110055;OBRA AUDIOVISUAL PUBLICITÁRIA BRASILEIRA FILMADA/GRAVADA NO BRASIL;RADIODIFUSÃO DE SONS E IMAGENS (TV ABERTA);30;COLMEIA VÍDEOS LTDA;RODRIGO EDUARDO GUISS MACIEL;CWG COMUNICACAO E MARKETING LTDA - ME;10.665.690/0001-51;M M PIORNEDO ME;01.684.514/0001-76;COLMEIA VÍDEOS LTDA;42234;32.223.852/0001-34;PR;TOLEDO
VALE ABR 2026 30s;20260085820000;01/04/2026;01/04/2026;01/04/2027;REGISTRADO;;MATERIAL DE CONSTRUÇÃO;COMUM;5;20260085820016|20260085820024|20260085820032|20260085820040|20260085820059;OBRA AUDIOVISUAL PUBLICITÁRIA BRASILEIRA FILMADA/GRAVADA NO BRASIL;RADIODIFUSÃO DE SONS E IMAGENS (TV ABERTA);30;WAWS COMUNICACAO LTDA;TULIO LUIZ DE MELO ALBERTO DANTAS;WAWS DIGITAL LTDA;45.985.329/0001-97;MADEREIRA VALE DO PARA LTDA;09.389.792/0001-02;WAWS COMUNICACAO LTDA;44698;30.542.149/0001-63;RN;NATAL
VH MF 2026;20260086200006;01/04/2026;;01/04/2027;CADASTRADO;;SERVIÇO;COMUM;5;20260086200011|20260086200020|20260086200038|20260086200046|20260086200054;OBRA AUDIOVISUAL PUBLICITÁRIA BRASILEIRA FILMADA/GRAVADA NO BRASIL;RADIODIFUSÃO DE SONS E IMAGENS (TV ABERTA);10;WEBER OLIVEIRA - ***********;WEBER OLIVEIRA;WEBER OLIVEIRA - ***********;22.785.255/0001-40;DICASA INDUSTRIA E COMERCIO DE ALIMENTOS LTDA;02.783.157/0001-66;WEBER OLIVEIRA - ***********;33495;22.785.255/0001-40;GO;ANAPOLIS
VH10 FREITAS TPSC CAP;20260086210001;01/04/2026;;01/04/2027;CADASTRADO;;OBRA PUBLICITARIA;COMUM;5;20260086210017|20260086210025|20260086210033|20260086210041|20260086210050;OBRA AUDIOVISUAL PUBLICITÁRIA BRASILEIRA FILMADA/GRAVADA NO BRASIL;RADIODIFUSÃO DE SONS E IMAGENS (TV ABERTA);10;GLEIDSON DA SILVA BARROS ***********;GLEIDSON DA SILVA BARROS;;NÃO INFORMADO;COMERCIAL DE MIUDEZAS FREITAS LTDA;63.473.235/0001-10;GLEIDSON DA SILVA BARROS ***********;51137;19.184.653/0001-04;PE;PETROLINA
VH_ABRIL_DROGAL_PERTO;20260085160000;01/04/2026;;01/04/2027;CADASTRADO;;Farmacia;COMUM;;;OBRA AUDIOVISUAL PUBLICITÁRIA BRASILEIRA FILMADA/GRAVADA NO BRASIL;RADIODIFUSÃO DE SONS E IMAGENS (TV ABERTA);7;LZ FILMS FRANCHISING LTDA;MURILO FAZENARO PEREZ;;NÃO INFORMADO;DROGAL FARMACEUTICA LTDA;54.375.647/0037-38;LZ FILMS FRANCHISING LTDA;37831;13.186.610/0001-73;SP;PIRACICABA
VIOLÊNCIA NÃO É AMOR;20260078400000;25/03/2026;01/04/2026;25/03/2027;REGISTRADO;;INSTITUCIONAL;COMUM;5;20260078400015|20260078400023|20260078400031|20260078400040|20260078400058;OBRA AUDIOVISUAL PUBLICITÁRIA BRASILEIRA FILMADA/GRAVADA NO BRASIL;TODOS OS SEGMENTOS DE MERCADO;30;QUARTETO FILMES PRODUCOES LTDA;PEDRO REZENDE QUINTERO;CASABLANCA COMUNICACAO & MARKETING S/A;00.553.702/0001-00;ASSEMBLEIA LEGISLATIVA DO ESTADO DE MINAS GERAIS;17.516.113/0001-47;QUARTETO FILMES PRODUCOES LTDA;1936;04.547.429/0001-54;MG;BELO HORIZONTE
VTS_ABRIL_01;20260085100008;01/04/2026;01/04/2026;01/04/2027;REGISTRADO;;VAREJO;COMUM;5;20260085100013|20260085100021|20260085100030|20260085100048|20260085100056;OBRA AUDIOVISUAL PUBLICITÁRIA BRASILEIRA FILMADA/GRAVADA NO BRASIL;TODOS OS SEGMENTOS DE MERCADO;30;MARCELO BARELLA PRODUCOES;MARCELO BARELLA;MARCELO BARELLA PRODUCOES;15.767.709/0001-94;MARCELO BARELLA;PESSOA FÍSICA;MARCELO BARELLA PRODUÇÕES;53064;15.767.709/0001-94;SC;CHAPECO
VT_ADB_01;20260085790004;01/04/2026;;01/04/2027;CADASTRADO;;INFORME PUBLICITARIO;COMUM;5;20260085790010|20260085790028|20260085790036|20260085790044|20260085790052;OBRA AUDIOVISUAL PUBLICITÁRIA BRASILEIRA FILMADA/GRAVADA NO BRASIL;RADIODIFUSÃO DE SONS E IMAGENS (TV ABERTA);30;MARCOS SILVA FIAIS ***********;LEANDRO DIAS BRAGA;;NÃO INFORMADO;INSTITUTO BRASILEIRO DO DESENVOLVIMENTO DO ESPORTE LTDA;08.396.099/0001-02;MARCOS SILVA FIAIS ***********;38212;19.902.607/0001-95;BA;SALVADOR
VT_Combatt;20260085890009;01/04/2026;01/04/2026;01/04/2027;REGISTRADO;;Oferta;COMUM;6;20260085890014|20260085890022|20260085890030|20260085890049|20260085890057;OBRA AUDIOVISUAL PUBLICITÁRIA BRASILEIRA FILMADA/GRAVADA NO BRASIL;RADIODIFUSÃO DE SONS E IMAGENS (TV ABERTA);30;NATANAEL CAVASIN DA ROCHA PINTO ***********;NATANAEL CAVASIN DA ROCHA PINTO;NOVITA COMUNICACAO LTDA - ME;18.427.473/0001-35;COMERCIAL CELEIRO LTDA;83.314.757/0008-53;NATANAEL CAVASIN DA ROCHA PINTO ***********;58516;45.509.416/0001-78;SC;CHAPECO
VT_OSJ_15s_valendo;20260084760004;31/03/2026;01/04/2026;31/03/2027;REGISTRADO;;Óculos;COMUM;5;20260084760010|20260084760028|20260084760036|20260084760044|20260084760052;OBRA AUDIOVISUAL PUBLICITÁRIA BRASILEIRA FILMADA/GRAVADA NO BRASIL;RADIODIFUSÃO DE SONS E IMAGENS (TV ABERTA);15;ST PRODUTORA DE VIDEO LTDA - ME;ANDRE LUIS DURANTE;IDEIACLUBE COMUNICACAO LTDA;14.088.376/0001-04;SJ PRESTADORA DE SERVICOS ADMINISTRATIVOS LTDA;13.591.184/0001-53;ST PRODUTORA DE VÍDEO LTDA;40430;27.118.612/0001-30;RS;PORTO ALEGRE
Vinac Consórcios | Abril 2026;20260085330003;01/04/2026;01/04/2026;01/04/2027;REGISTRADO;;Administradora de Consórcios;COMUM;;;OBRA AUDIOVISUAL PUBLICITÁRIA BRASILEIRA FILMADA/GRAVADA NO BRASIL;TODOS OS SEGMENTOS DE MERCADO;15;BINAH PUBLICIDADE E PROPAGANDA LTDA;ANDRE LUIS SANDIN DE VASCONCELOS;BINAH PUBLICIDADE E PROPAGANDA LTDA;01.073.422/0001-50;VINAC ADMINISTRADORA DE CONSORCIO LTDA;49.995.293/0001-83;BINAH PUBLICIDADE E PROPAGANDA LTDA;13866;01.073.422/0001-50;SP;SAO JOSE DOS CAMPOS
Vinac Consórcios | Abril 2026;20260085520007;01/04/2026;01/04/2026;01/04/2027;REGISTRADO;;Administradora de Consórcios;COMUM;5;20260085520012|20260085520020|20260085520039|20260085520047|20260085520055;OBRA AUDIOVISUAL PUBLICITÁRIA BRASILEIRA FILMADA/GRAVADA NO BRASIL;TODOS OS SEGMENTOS DE MERCADO;15;BINAH PUBLICIDADE E PROPAGANDA LTDA;ANDRE LUIS SANDIN DE VASCONCELOS;BINAH PUBLICIDADE E PROPAGANDA LTDA;01.073.422/0001-50;VINAC ADMINISTRADORA DE CONSORCIO LTDA;49.995.293/0001-83;BINAH PUBLICIDADE E PROPAGANDA LTDA;13866;01.073.422/0001-50;SP;SAO JOSE DOS CAMPOS
Vinheta 3 Mialich 2026 A;20260085150005;01/04/2026;01/04/2026;01/04/2027;REGISTRADO;;Supermercado;COMUM;10;20260085150010|20260085150029|20260085150037|20260085150045|20260085150053|20260085150061|20260085150070|20260085150088|20260085150096|20260085150100;OBRA AUDIOVISUAL PUBLICITÁRIA BRASILEIRA FILMADA/GRAVADA NO BRASIL;RADIODIFUSÃO DE SONS E IMAGENS (TV ABERTA);3;E. C. DA COSTA FILHO - DESIGN - ME;EMERSON CARNEIRO DA COSTA FILHO;R B A PUBLICIDADE E PROPAGANDA LTDA - EPP;60.200.292/0001-38;SUPERMERCADOS MIALICH LTDA;52.004.785/0001-74;E. C. DA COSTA FILHO - DESIGN;44689;20.393.892/0001-45;SP;SAO JOSE DOS CAMPOS
Vts Rbs;20260086050004;01/04/2026;01/04/2026;01/04/2027;REGISTRADO;;Vts;COMUM;;;OBRA AUDIOVISUAL PUBLICITÁRIA BRASILEIRA FILMADA/GRAVADA NO BRASIL;TODOS OS SEGMENTOS DE MERCADO;30;MARCOS ALTERIO HOFFMANN;ROGERIO LUIZ HOFFMANN;;NÃO INFORMADO;ROGERIO LUIZ HOFFMANN;PESSOA FÍSICA;MARCOS ALTERIO HOFFMANN & CIA LTDA;12286;08.613.634/0001-21;RS;SANTA ROSA
bfs26;20260080220005;26/03/2026;01/04/2026;26/03/2027;REGISTRADO;;VT INSTITUCIONAL;COMUM;5;20260080220010|20260080220029|20260080220037|20260080220045|20260080220053;OBRA AUDIOVISUAL PUBLICITÁRIA BRASILEIRA FILMADA/GRAVADA NO BRASIL;TODOS OS SEGMENTOS DE MERCADO;30;FRANCISCO HENRIQUE GONÇALVES ALMEIDA;FRANCISCO HENRIQUE GONCALVES ALMEIDA;DETALHE PRODUTORA E PROPAGANDA LTDA;09.344.137/0001-38;ASSOCIACAO DE AGRICULTORES E IRRIGANTES DA BAHIA - AIBA;63.077.937/0001-85;FRANCISCO HENRIQUE GONÇALVES ALMEIDA;4403;07.462.434/0001-52;BA;BARREIRAS
