TITULO_ORIGINAL;CPB;DATA_EMISSAO_CPB;SITUACAO_OBRA;TIPO_OBRA;SUBTIPO_OBRA;CLASSIFICACAO_OBRA;ORGANIZACAO_TEMPORAL;DURACAO_TOTAL_MINUTOS;QUANTIDADE_EPISODIOS;ANO_PRODUCAO_INICIAL;ANO_PRODUCAO_FINAL;SEGMENTO_DESTINACAO_INICIAL;COPRODUCAO_INTERNACIONAL;REQUERENTE;CNPJ_REQUERENTE;UF_REQUERENTE;MUNICIPIO_REQUERENTE
33;B0300045900000;14/11/2003;DEFERIDO;DOCUMENTÁRIO;NÃO INFORMADO;BRASILEIRA INDEPENDENTE CONSTITUINTE DE ESPAÇO QUALIFICADO;NÃO SERIADA;75;;2003;;INDEFINIDO;NÃO;PLATEAU MARKETING E PRODUÇÕES CULTURAIS LTDA;74.425.067/0001-04;SP;SAO PAULO
A BAILARINA;B0300028700000;03/09/2003;DEFERIDO;NÃO CLASSIFICADA;NÃO INFORMADO;NÃO INFORMADO;NÃO SERIADA;14;;2003;;INDEFINIDO;NÃO;RACCORD PRODUÇÕES ARTÍSTICAS E CINEMATOGRÁFICAS LTDA;72.062.029/0001-09;RJ;RIO DE JANEIRO
A ESTÓRIA DE VERA;B0300019100000;17/07/2003;DEFERIDO;FICÇÃO;NÃO INFORMADO;BRASILEIRA INDEPENDENTE CONSTITUINTE DE ESPAÇO QUALIFICADO;NÃO SERIADA;90;;1986;;SALAS DE EXIBIÇÃO;NÃO;NEXUS CINEMA E VÍDEO LTDA;53.976.478/0001-18;SP;SAO PAULO
A ILHA;B0300035300000;05/10/2003;DEFERIDO;FICÇÃO;NÃO INFORMADO;BRASILEIRA CONSTITUINTE DE ESPAÇO QUALIFICADO;NÃO SERIADA;113;;1963;;INDEFINIDO;NÃO;CINEMATOGRÁFICA VERA CRUZ LTDA.;59.119.800/0001-79;SP;BRAGANCA PAULISTA
ACHADOS E PERDIDOS;B0300026900000;28/08/2003;DEFERIDO;FICÇÃO;NÃO INFORMADO;BRASILEIRA CONSTITUINTE DE ESPAÇO QUALIFICADO;NÃO SERIADA;21;;2002;;INDEFINIDO;NÃO;URCA FILMES LTDA;05.256.465/0001-21;RJ;RIO DE JANEIRO
ALBA;B0300028400000;03/09/2003;DEFERIDO;ANIMAÇÃO;NÃO INFORMADO;NÃO INFORMADO;NÃO SERIADA;7;;2003;;INDEFINIDO;NÃO;RACCORD PRODUÇÕES ARTÍSTICAS E CINEMATOGRÁFICAS LTDA;72.062.029/0001-09;RJ;RIO DE JANEIRO
AMARELO MANGA;B0300010000000;14/04/2003;DEFERIDO;FICÇÃO;NÃO INFORMADO;BRASILEIRA INDEPENDENTE CONSTITUINTE DE ESPAÇO QUALIFICADO;NÃO SERIADA;100;;2002;;SALAS DE EXIBIÇÃO;NÃO;OLHOS DE CÃO PRODUÇÕES CINEMATOGRÁFICAS LTDA;71.733.695/0001-69;SP;SAO PAULO
AMASSA QUE ELAS GOSTAM;B0300042300000;11/11/2003;DEFERIDO;FICÇÃO;NÃO INFORMADO;BRASILEIRA INDEPENDENTE CONSTITUINTE DE ESPAÇO QUALIFICADO;NÃO SERIADA;15;;1998;;INDEFINIDO;NÃO;PERISCÓPIO FOTOGRAFIA, CINEMA & VIDEO LTDA;04.076.676/0001-10;SP;SAO PAULO
AMOR DE VERDADE;B0300028500000;03/09/2003;DEFERIDO;ANIMAÇÃO;NÃO INFORMADO;NÃO INFORMADO;NÃO SERIADA;10;;2003;;INDEFINIDO;NÃO;RACCORD PRODUÇÕES ARTÍSTICAS E CINEMATOGRÁFICAS LTDA;72.062.029/0001-09;RJ;RIO DE JANEIRO
AMOR, O;B0300024700000;25/08/2003;DEFERIDO;FICÇÃO;NÃO INFORMADO;NÃO INFORMADO;NÃO SERIADA;2;;2003;;INDEFINIDO;NÃO;FUNDAÇÃO ROBERTO MARINHO;29.527.413/0001-00;RJ;RIO DE JANEIRO
ANA, A LIBERTINA;B0300045200000;13/11/2003;DEFERIDO;FICÇÃO;NÃO INFORMADO;BRASILEIRA INDEPENDENTE CONSTITUINTE DE ESPAÇO QUALIFICADO;NÃO SERIADA;93;;1975;;INDEFINIDO;NÃO;HERBERT RICHERS S.A.;33.377.870/0001-33;RJ;RIO DE JANEIRO
ANGELA;B0300035400000;05/10/2003;DEFERIDO;FICÇÃO;NÃO INFORMADO;BRASILEIRA CONSTITUINTE DE ESPAÇO QUALIFICADO;NÃO SERIADA;92;;1951;;INDEFINIDO;NÃO;CINEMATOGRÁFICA VERA CRUZ LTDA.;59.119.800/0001-79;SP;BRAGANCA PAULISTA
ANJOS DA NOITE;B0300047100000;03/12/2003;DEFERIDO;FICÇÃO;NÃO INFORMADO;BRASILEIRA INDEPENDENTE CONSTITUINTE DE ESPAÇO QUALIFICADO;NÃO SERIADA;98;;1987;;INDEFINIDO;NÃO;BRAS FILMES LTDA;02.920.962/0001-94;SP;SAO PAULO
AO PONTO - INFORMAÇÃO DO JEITO QUE VOCÊ GOSTA;B0300013800000;29/05/2003;DEFERIDO;NÃO CLASSIFICADA;NÃO INFORMADO;NÃO INFORMADO;SERIADA;10;;2003;;INDEFINIDO;NÃO;FUNDAÇÃO ROBERTO MARINHO;29.527.413/0001-00;RJ;RIO DE JANEIRO
APASSIONATA;B0300035500000;05/10/2003;DEFERIDO;FICÇÃO;NÃO INFORMADO;BRASILEIRA CONSTITUINTE DE ESPAÇO QUALIFICADO;NÃO SERIADA;102;;1952;;INDEFINIDO;NÃO;CINEMATOGRÁFICA VERA CRUZ LTDA.;59.119.800/0001-79;SP;BRAGANCA PAULISTA
APOLÔNIO BRASIL, CAMPEÃO DA ALEGRIA;B0300008300000;31/03/2003;DEFERIDO;FICÇÃO;NÃO INFORMADO;BRASILEIRA INDEPENDENTE CONSTITUINTE DE ESPAÇO QUALIFICADO;NÃO SERIADA;117;;2002;;INDEFINIDO;NÃO;MAC COMUNICAÇÃO E PRODUÇÃO LTDA;40.426.918/0001-11;RJ;RIO DE JANEIRO
AS AMOROSAS;B0300035600000;05/10/2003;DEFERIDO;FICÇÃO;NÃO INFORMADO;BRASILEIRA INDEPENDENTE CONSTITUINTE DE ESPAÇO QUALIFICADO;NÃO SERIADA;107;;1968;;INDEFINIDO;NÃO;CINEMATOGRÁFICA VERA CRUZ LTDA.;59.119.800/0001-79;SP;BRAGANCA PAULISTA
ATROCIDADES MARAVILHOSAS;B0300027000000;28/08/2003;DEFERIDO;DOCUMENTÁRIO;NÃO INFORMADO;BRASILEIRA INDEPENDENTE CONSTITUINTE DE ESPAÇO QUALIFICADO;NÃO SERIADA;18;;2002;;INDEFINIDO;NÃO;URCA FILMES LTDA;05.256.465/0001-21;RJ;RIO DE JANEIRO
AZUELADOAZULAY;B0300048500000;10/12/2003;DEFERIDO;NÃO CLASSIFICADA;NÃO INFORMADO;NÃO INFORMADO;NÃO SERIADA;24;;2003;;INDEFINIDO;NÃO;FUNDAÇÃO ROBERTO MARINHO;29.527.413/0001-00;RJ;RIO DE JANEIRO
BANDA DE IPANEMA-FOLIA DE ALBINO;B0300002400000;16/01/2003;DEFERIDO;DOCUMENTÁRIO;;BRASILEIRA INDEPENDENTE CONSTITUINTE DE ESPAÇO QUALIFICADO;NÃO SERIADA;86;;2002;;INDEFINIDO;NÃO;SHATER PRODUÇÕES ARTÍSTICAS LTDA;32.096.794/0001-25;RJ;RIO DE JANEIRO
BAR ESPERANÇA - O ÚLTIMO QUE FECHA;B0300030000000;05/09/2003;DEFERIDO;FICÇÃO;NÃO INFORMADO;BRASILEIRA INDEPENDENTE CONSTITUINTE DE ESPAÇO QUALIFICADO;NÃO SERIADA;126;;1983;;INDEFINIDO;NÃO;CPC CENTRO DE PRODUÇÀO E COMUNICAÇÃO LTDA.;42.592.741/0001-59;RJ;RIO DE JANEIRO
BMW VERMELHO;B0300023300000;20/08/2003;DEFERIDO;FICÇÃO;NÃO INFORMADO;BRASILEIRA CONSTITUINTE DE ESPAÇO QUALIFICADO;NÃO SERIADA;20;;2000;;INDEFINIDO;NÃO;SEQUÊNCIA 1 LTDA;68.310.432/0001-32;SP;SAO PAULO
BRANCO,O;B0300020900000;04/08/2003;DEFERIDO;FICÇÃO;NÃO INFORMADO;BRASILEIRA INDEPENDENTE CONSTITUINTE DE ESPAÇO QUALIFICADO;NÃO SERIADA;22;;2000;;INDEFINIDO;NÃO;ZEPPELIN PRODUÇÕES DE CINEMA E TELEVISÃO LTDA.;94.100.302/0001-85;RS;PORTO ALEGRE
BURNING THE HOUSE;B0300001700000;10/01/2003;DEFERIDO;NÃO CLASSIFICADA;NÃO INFORMADO;NÃO INFORMADO;NÃO SERIADA;3;;2002;;INDEFINIDO;NÃO;O2 FILMES CURTOS LTDA;68.474.774/0001-98;SP;COTIA
BURNIN´LOVE - TOQUE BAHIA;B0300016300000;26/06/2003;DEFERIDO;NÃO CLASSIFICADA;NÃO INFORMADO;NÃO INFORMADO;NÃO SERIADA;23;;2003;;INDEFINIDO;NÃO;FUNDAÇÃO ROBERTO MARINHO;29.527.413/0001-00;RJ;RIO DE JANEIRO
CAIÇARA;B0300035700000;05/10/2003;DEFERIDO;FICÇÃO;NÃO INFORMADO;BRASILEIRA CONSTITUINTE DE ESPAÇO QUALIFICADO;NÃO SERIADA;100;;1950;;INDEFINIDO;NÃO;CINEMATOGRÁFICA VERA CRUZ LTDA.;59.119.800/0001-79;SP;BRAGANCA PAULISTA
CAMA DE GATO;B0300003000000;24/01/2003;DEFERIDO;FICÇÃO;NÃO INFORMADO;BRASILEIRA INDEPENDENTE CONSTITUINTE DE ESPAÇO QUALIFICADO;NÃO SERIADA;92;;2002;;INDEFINIDO;NÃO;A EXCEÇÃO E A REGRA PRODUÇÕES ARTÍSTICAS LTDA.;01.294.496/0001-16;SP;SAO PAULO
CAMINHO DAS NUVENS, O;B0300007900000;27/03/2003;DEFERIDO;FICÇÃO;NÃO INFORMADO;BRASILEIRA INDEPENDENTE CONSTITUINTE DE ESPAÇO QUALIFICADO;NÃO SERIADA;85;;2003;;SALAS DE EXIBIÇÃO;NÃO;FILMES DO EQUADOR LTDA.;73.619.637/0001-34;RJ;RIO DE JANEIRO
CANDINHO;B0300035800000;05/10/2003;DEFERIDO;FICÇÃO;NÃO INFORMADO;BRASILEIRA CONSTITUINTE DE ESPAÇO QUALIFICADO;NÃO SERIADA;100;;1954;;INDEFINIDO;NÃO;CINEMATOGRÁFICA VERA CRUZ LTDA.;59.119.800/0001-79;SP;BRAGANCA PAULISTA
CANGACEIRO, O;B0300037100000;05/10/2003;DEFERIDO;FICÇÃO;NÃO INFORMADO;BRASILEIRA CONSTITUINTE DE ESPAÇO QUALIFICADO;NÃO SERIADA;105;;1953;;INDEFINIDO;NÃO;CINEMATOGRÁFICA VERA CRUZ LTDA.;59.119.800/0001-79;SP;BRAGANCA PAULISTA
CARANDIRU;B0300006200000;13/03/2003;DEFERIDO;FICÇÃO;NÃO INFORMADO;BRASILEIRA INDEPENDENTE CONSTITUINTE DE ESPAÇO QUALIFICADO;NÃO SERIADA;144;;2003;;SALAS DE EXIBIÇÃO;NÃO;HECTOR BABENCO FILMES LTDA;46.848.701/0001-86;SP;SAO PAULO
CARANDIRU. DOC;B0300004300000;17/02/2003;DEFERIDO;DOCUMENTÁRIO;NÃO INFORMADO;BRASILEIRA INDEPENDENTE CONSTITUINTE DE ESPAÇO QUALIFICADO;NÃO SERIADA;55;;2003;;SALAS DE EXIBIÇÃO;NÃO;NEXUS CINEMA E VÍDEO LTDA;53.976.478/0001-18;SP;SAO PAULO
CARNAVAL D´ETE SAINT-ETIENNE;B0300048200000;09/12/2003;DEFERIDO;NÃO CLASSIFICADA;NÃO INFORMADO;NÃO INFORMADO;NÃO SERIADA;42;;1999;;INDEFINIDO;NÃO;PUBLYTAPE COMUNICAÇÃO LTDA;30.013.056/0001-41;RJ;RIO DE JANEIRO
CAROLINA;B0300031300000;08/09/2003;DEFERIDO;FICÇÃO;NÃO INFORMADO;BRASILEIRA CONSTITUINTE DE ESPAÇO QUALIFICADO;NÃO SERIADA;15;;2003;;INDEFINIDO;NÃO;DISTRIBUIDORA INDEPENDENTE DE MÍDIAS PARA MÚSICA E VÍDEO LTDA;03.965.631/0001-33;SP;SAO PAULO
CELESTE & ESTRELA;B0300008200000;31/03/2003;DEFERIDO;FICÇÃO;NÃO INFORMADO;BRASILEIRA INDEPENDENTE CONSTITUINTE DE ESPAÇO QUALIFICADO;NÃO SERIADA;96;;2002;;INDEFINIDO;NÃO;BPP PRODUÇÕES AUDIOVISUAIS LTDA-ME;02.229.175/0001-09;BA;ITACARE
CHIC CHIC;B0300023500000;20/08/2003;DEFERIDO;NÃO CLASSIFICADA;NÃO INFORMADO;NÃO INFORMADO;NÃO SERIADA;3;;2003;;INDEFINIDO;NÃO;FILMES MAIS LTDA;03.435.290/0002-75;RJ;RIO DE JANEIRO
CIDADE DE DEUS;B0300002800000;24/01/2003;DEFERIDO;FICÇÃO;NÃO INFORMADO;BRASILEIRA INDEPENDENTE CONSTITUINTE DE ESPAÇO QUALIFICADO;NÃO SERIADA;130;;2002;;SALAS DE EXIBIÇÃO;NÃO;O2 FILMES CURTOS LTDA;68.474.774/0001-98;SP;COTIA
CINEMA DE REPORTAGEM: A OBRA DE EDUARDO COUTINHO;B0300016700000;01/07/2003;DEFERIDO;NÃO CLASSIFICADA;NÃO INFORMADO;NÃO INFORMADO;NÃO SERIADA;45;;2001;;INDEFINIDO;NÃO;MJOLNIR PRODUÇÕES ARTÍSTICAS LTDA.;04.657.812/0001-65;RJ;RIO DE JANEIRO
CIPRIANO E A MORTE DE CIPRIANO;B0300046700000;26/11/2003;DEFERIDO;FICÇÃO;NÃO INFORMADO;BRASILEIRA INDEPENDENTE CONSTITUINTE DE ESPAÇO QUALIFICADO;NÃO SERIADA;76,7;;1998;;INDEFINIDO;NÃO;TRINCA FILMES LTDA.;02.533.399/0001-00;PI;TERESINA
COMO GANHAR NA LOTERIA SEM PERDER A ESPORTIVA;B0300045800000;14/11/2003;DEFERIDO;FICÇÃO;NÃO INFORMADO;BRASILEIRA INDEPENDENTE CONSTITUINTE DE ESPAÇO QUALIFICADO;NÃO SERIADA;95;;1971;;INDEFINIDO;NÃO;HERBERT RICHERS S.A.;33.377.870/0001-33;RJ;RIO DE JANEIRO
CONCERTO CAMPESTRE;B0300039800000;22/10/2003;DEFERIDO;FICÇÃO;NÃO INFORMADO;BRASILEIRA INDEPENDENTE CONSTITUINTE DE ESPAÇO QUALIFICADO;NÃO SERIADA;100;;2003;;INDEFINIDO;NÃO;EMPRESA CINEMATOGRAFICA PAMPEANA LTDA;00.613.962/0001-16;RS;PORTO ALEGRE
CONFISSÕES DO FREI ABÓBORA, AS;B0300045300000;13/11/2003;DEFERIDO;FICÇÃO;NÃO INFORMADO;BRASILEIRA INDEPENDENTE CONSTITUINTE DE ESPAÇO QUALIFICADO;NÃO SERIADA;110;;1971;;INDEFINIDO;NÃO;HERBERT RICHERS S.A.;33.377.870/0001-33;RJ;RIO DE JANEIRO
CORPO ARDENTE;B0300035900000;05/10/2003;DEFERIDO;FICÇÃO;NÃO INFORMADO;BRASILEIRA CONSTITUINTE DE ESPAÇO QUALIFICADO;NÃO SERIADA;98;;1966;;INDEFINIDO;NÃO;CINEMATOGRÁFICA VERA CRUZ LTDA.;59.119.800/0001-79;SP;BRAGANCA PAULISTA
CRIAÇÃO LITERÁRIA DE JOÃO GUIMARÃES ROSA, A;B0300029700000;04/09/2003;DEFERIDO;DOCUMENTÁRIO;;BRASILEIRA CONSTITUINTE DE ESPAÇO QUALIFICADO;NÃO SERIADA;15;;1969;;INDEFINIDO;NÃO;VITÓRIA PRODUÇÕES CINEMATOGRÁFICAS LTDA.;36.007.649/0001-81;RJ;RIO DE JANEIRO
CRISTINA QUER CASAR;B0300004100000;12/02/2003;DEFERIDO;FICÇÃO;NÃO INFORMADO;BRASILEIRA INDEPENDENTE CONSTITUINTE DE ESPAÇO QUALIFICADO;NÃO SERIADA;103;;2003;;INDEFINIDO;NÃO;CR ENTRETENIMENTO LTDA;66.657.727/0001-54;SP;SAO PAULO
CÃO GUIA;B0300028000000;03/09/2003;DEFERIDO;FICÇÃO;NÃO INFORMADO;BRASILEIRA INDEPENDENTE CONSTITUINTE DE ESPAÇO QUALIFICADO;NÃO SERIADA;18;;1999;;INDEFINIDO;NÃO;LAVORO PRODUÇÕES ARTÍSTICAS LTDA.;04.486.752/0001-65;RJ;RIO DE JANEIRO
DAMA DO CINE SHANGHAI, A;B0300027300000;01/09/2003;DEFERIDO;FICÇÃO;NÃO INFORMADO;BRASILEIRA INDEPENDENTE CONSTITUINTE DE ESPAÇO QUALIFICADO;NÃO SERIADA;115;;1987;;INDEFINIDO;NÃO;STAR FILMES LTDA.;51.428.977/0001-45;SP;SAO PAULO
DESAMOR;B0300028600000;03/09/2003;DEFERIDO;FICÇÃO;NÃO INFORMADO;NÃO INFORMADO;NÃO SERIADA;5;;2003;;INDEFINIDO;NÃO;RACCORD PRODUÇÕES ARTÍSTICAS E CINEMATOGRÁFICAS LTDA;72.062.029/0001-09;RJ;RIO DE JANEIRO
DESTERRO;B0300033800000;23/09/2003;DEFERIDO;FICÇÃO;NÃO INFORMADO;NÃO INFORMADO;NÃO SERIADA;20;;1992;;INDEFINIDO;NÃO;USYNA PRESS VÍDEO PRODUÇÕES CINEMATOGRÁFICAS LTDA.;80.434.566/0001-60;SC;FLORIANOPOLIS
DEU NO JORNAL;B0300024600000;25/08/2003;DEFERIDO;FICÇÃO;NÃO INFORMADO;NÃO INFORMADO;NÃO SERIADA;3;;2003;;INDEFINIDO;NÃO;FUNDAÇÃO ROBERTO MARINHO;29.527.413/0001-00;RJ;RIO DE JANEIRO
DEUS É PAI;B0300030600000;08/09/2003;DEFERIDO;ANIMAÇÃO;NÃO INFORMADO;BRASILEIRA INDEPENDENTE CONSTITUINTE DE ESPAÇO QUALIFICADO;NÃO SERIADA;4;;1999;;INDEFINIDO;NÃO;TOSCOGRAPHICS DESENHOS ANIMADOS LTDA.;03.889.605/0001-73;RJ;RIO DE JANEIRO
DOM;B0300020800000;04/08/2003;DEFERIDO;FICÇÃO;NÃO INFORMADO;BRASILEIRA INDEPENDENTE CONSTITUINTE DE ESPAÇO QUALIFICADO;NÃO SERIADA;90;;2003;;SALAS DE EXIBIÇÃO;NÃO;DILER & ASSOCIADOS LTDA;00.291.470/0001-51;RJ;RIO DE JANEIRO
DONA CRISTINA PERDEU A MEMÓRIA;B0300002600000;22/01/2003;DEFERIDO;FICÇÃO;NÃO INFORMADO;BRASILEIRA INDEPENDENTE CONSTITUINTE DE ESPAÇO QUALIFICADO;NÃO SERIADA;13;;2002;;INDEFINIDO;NÃO;CASA DE CINEMA DE PORTO ALEGRE LTDA.;94.625.829/0001-23;RS;PORTO ALEGRE
E NO MEIO PASSA UM TREM;B0300046800000;28/11/2003;DEFERIDO;FICÇÃO;NÃO INFORMADO;BRASILEIRA CONSTITUINTE DE ESPAÇO QUALIFICADO;NÃO SERIADA;17;;1998;;INDEFINIDO;NÃO;O2 PRODUÇÕES ARTÍSTICAS E CINEMATOGRÁFICAS LTDA.;67.431.718/0001-03;SP;COTIA
EFEITO ILHA, O;B0300012900000;22/05/2003;DEFERIDO;FICÇÃO;NÃO INFORMADO;BRASILEIRA INDEPENDENTE CONSTITUINTE DE ESPAÇO QUALIFICADO;NÃO SERIADA;100;;1994;;INDEFINIDO;NÃO;LAPFILME PRODUÇÕES CINEMATOGRÁFICAS LTDA.;54.110.648/0001-40;SP;SAO PAULO
ELA OLHOU PRA MIM;B0300028300000;03/09/2003;DEFERIDO;NÃO CLASSIFICADA;NÃO INFORMADO;NÃO INFORMADO;NÃO SERIADA;3;;2003;;INDEFINIDO;NÃO;RACCORD PRODUÇÕES ARTÍSTICAS E CINEMATOGRÁFICAS LTDA;72.062.029/0001-09;RJ;RIO DE JANEIRO
ENCONTRO, O;B0300011400000;30/04/2003;DEFERIDO;FICÇÃO;NÃO INFORMADO;BRASILEIRA INDEPENDENTE CONSTITUINTE DE ESPAÇO QUALIFICADO;NÃO SERIADA;12;;2002;;INDEFINIDO;NÃO;CITIZENCRANE - PRODUCOES CINEMATOGRAFICAS LTDA;03.675.713/0001-43;SP;SAO PAULO
ESQUINA DA ILUSÃO;B0300036100000;05/10/2003;DEFERIDO;FICÇÃO;NÃO INFORMADO;BRASILEIRA CONSTITUINTE DE ESPAÇO QUALIFICADO;NÃO SERIADA;90;;1953;;INDEFINIDO;NÃO;CINEMATOGRÁFICA VERA CRUZ LTDA.;59.119.800/0001-79;SP;BRAGANCA PAULISTA
ESTRANHO ENCONTRO;B0300036200000;05/10/2003;DEFERIDO;FICÇÃO;NÃO INFORMADO;BRASILEIRA CONSTITUINTE DE ESPAÇO QUALIFICADO;NÃO SERIADA;90;;1958;;INDEFINIDO;NÃO;CINEMATOGRÁFICA VERA CRUZ LTDA.;59.119.800/0001-79;SP;BRAGANCA PAULISTA
EU ODEIO A ORGANIZAÇÃO;B0300028800000;03/09/2003;DEFERIDO;NÃO CLASSIFICADA;NÃO INFORMADO;NÃO INFORMADO;NÃO SERIADA;7;;2003;;INDEFINIDO;NÃO;RACCORD PRODUÇÕES ARTÍSTICAS E CINEMATOGRÁFICAS LTDA;72.062.029/0001-09;RJ;RIO DE JANEIRO
EVANDRO TEIXEIRA - INSTANTÂNEOS DA REALIDADE;B0300035200000;03/10/2003;DEFERIDO;DOCUMENTÁRIO;NÃO INFORMADO;BRASILEIRA INDEPENDENTE CONSTITUINTE DE ESPAÇO QUALIFICADO;NÃO SERIADA;74;;2003;;INDEFINIDO;NÃO;CANAL IMAGINARIO COMUNICAÇÃO LTDA;01.254.746/0001-94;RJ;RIO DE JANEIRO
EX INFERIS;B0300003600000;30/01/2003;DEFERIDO;FICÇÃO;NÃO INFORMADO;BRASILEIRA CONSTITUINTE DE ESPAÇO QUALIFICADO;NÃO SERIADA;13;;2002;;INDEFINIDO;NÃO;M. DE L. E. MIRANDA;04.422.814/0001-75;SP;MOGI MIRIM
EX-MÁGICO DA TABERNA MINHOTA, O;B0300017100000;03/07/2003;DEFERIDO;FICÇÃO;NÃO INFORMADO;BRASILEIRA CONSTITUINTE DE ESPAÇO QUALIFICADO;NÃO SERIADA;34;;1996;;INDEFINIDO;NÃO;RODAMUNDO FILMES LTDA;23.148.018/0001-30;MG;BELO HORIZONTE
EXTASE EM MOVIMENTO ANTONIETTA RUDGE, O;B0300044600000;12/11/2003;DEFERIDO;NÃO CLASSIFICADA;NÃO INFORMADO;NÃO INFORMADO;NÃO SERIADA;50;;2003;;INDEFINIDO;NÃO;NB PRODUÇÕES LTDA.;72.508.393/0001-50;RJ;RIO DE JANEIRO
EXU ANAN - TOQUE BAHIA;B0300024500000;25/08/2003;DEFERIDO;FICÇÃO;NÃO INFORMADO;NÃO INFORMADO;NÃO SERIADA;2;;2003;;INDEFINIDO;NÃO;FUNDAÇÃO ROBERTO MARINHO;29.527.413/0001-00;RJ;RIO DE JANEIRO
FACA DE DOIS GUMES;B0300011000000;25/04/2003;DEFERIDO;FICÇÃO;NÃO INFORMADO;BRASILEIRA INDEPENDENTE CONSTITUINTE DE ESPAÇO QUALIFICADO;NÃO SERIADA;97;;1989;;INDEFINIDO;NÃO;CINEMA BRASIL DIGITAL - ESCRITÓRIO DE PLANEJ. EMPR. AUD. LTDA;68.317.445/0001-33;RJ;RIO DE JANEIRO
FAMÍLIA LERO-LERO;B0300036300000;05/10/2003;DEFERIDO;FICÇÃO;NÃO INFORMADO;BRASILEIRA CONSTITUINTE DE ESPAÇO QUALIFICADO;NÃO SERIADA;87;;1953;;INDEFINIDO;NÃO;CINEMATOGRÁFICA VERA CRUZ LTDA.;59.119.800/0001-79;SP;BRAGANCA PAULISTA
FAMÍLIA S/A;B0300005700000;07/03/2003;DEFERIDO;FICÇÃO;NÃO INFORMADO;NÃO INFORMADO;SERIADA;30;;2002;;INDEFINIDO;NÃO;FUNDAÇÃO ROBERTO MARINHO;29.527.413/0001-00;RJ;RIO DE JANEIRO
FILME DIFAMATÓRIO;B0300028900000;03/09/2003;DEFERIDO;NÃO CLASSIFICADA;NÃO INFORMADO;NÃO INFORMADO;NÃO SERIADA;6;;2003;;INDEFINIDO;NÃO;RACCORD PRODUÇÕES ARTÍSTICAS E CINEMATOGRÁFICAS LTDA;72.062.029/0001-09;RJ;RIO DE JANEIRO
FLORADAS NA SERRA;B0300036400000;05/10/2003;DEFERIDO;FICÇÃO;NÃO INFORMADO;BRASILEIRA CONSTITUINTE DE ESPAÇO QUALIFICADO;NÃO SERIADA;100;;1954;;INDEFINIDO;NÃO;CINEMATOGRÁFICA VERA CRUZ LTDA.;59.119.800/0001-79;SP;BRAGANCA PAULISTA
FONTE DA JUVENTUDE E OUTRAS HISTÓRIAS, A;B0300012600000;22/05/2003;DEFERIDO;ANIMAÇÃO;NÃO INFORMADO;BRASILEIRA INDEPENDENTE CONSTITUINTE DE ESPAÇO QUALIFICADO;SERIADA;21;3;2002;2002;INDEFINIDO;NÃO;MAURICIO DE SOUSA PRODUÇÕES S.A;47.257.902/0001-71;SP;SAO PAULO
GAROTA ENXUTA;B0300045600000;14/11/2003;DEFERIDO;FICÇÃO;NÃO INFORMADO;BRASILEIRA INDEPENDENTE CONSTITUINTE DE ESPAÇO QUALIFICADO;NÃO SERIADA;102;;1959;;INDEFINIDO;NÃO;HERBERT RICHERS S.A.;33.377.870/0001-33;RJ;RIO DE JANEIRO
GAROTAS DO ABC- AURELIA SCHWARZENEGA;B0300040100000;29/10/2003;DEFERIDO;FICÇÃO;NÃO INFORMADO;BRASILEIRA INDEPENDENTE CONSTITUINTE DE ESPAÇO QUALIFICADO;NÃO SERIADA;124;;2002;;INDEFINIDO;NÃO;DEZENOVE SOM E IMAGENS PRODUÇÕES LTDA - EPP;66.876.707/0001-74;SP;SAO PAULO
GARRINCHA, ESTRELA SOLITÁRIA;B0300046600000;25/11/2003;DEFERIDO;FICÇÃO;NÃO INFORMADO;BRASILEIRA CONSTITUINTE DE ESPAÇO QUALIFICADO;NÃO SERIADA;102;;2002;;SALAS DE EXIBIÇÃO;SIM;FAM PRODUÇÕES LTDA - ME - (BAIXADO);01.219.300/0001-29;MG;BELO HORIZONTE
GATO DE MADAME;B0300036500000;05/10/2003;DEFERIDO;FICÇÃO;NÃO INFORMADO;BRASILEIRA CONSTITUINTE DE ESPAÇO QUALIFICADO;NÃO SERIADA;86;;1956;;INDEFINIDO;NÃO;CINEMATOGRÁFICA VERA CRUZ LTDA.;59.119.800/0001-79;SP;BRAGANCA PAULISTA
GLAUBER O FILME, LABIRINTO DO BRASIL;B0300048300000;10/12/2003;DEFERIDO;DOCUMENTÁRIO;NÃO INFORMADO;BRASILEIRA INDEPENDENTE CONSTITUINTE DE ESPAÇO QUALIFICADO;NÃO SERIADA;98;;2002;;INDEFINIDO;NÃO;CALIBAN PRODUÇÕES CINEMATOGRÁFICAS LTDA.;27.651.181/0001-72;RJ;RIO DE JANEIRO
GLOBO CIÊNCIA 2001;B0300017399999;03/07/2003;DEFERIDO;NÃO CLASSIFICADA;NÃO INFORMADO;NÃO INFORMADO;SERIADA;30;30;2001;2001;INDEFINIDO;NÃO;FUNDAÇÃO ROBERTO MARINHO;29.527.413/0001-00;RJ;RIO DE JANEIRO
GLOBO CIÊNCIA 2001;B0300017300000;03/07/2003;DEFERIDO;NÃO CLASSIFICADA;NÃO INFORMADO;NÃO INFORMADO;SERIADA;30;29;2001;2001;INDEFINIDO;NÃO;FUNDAÇÃO ROBERTO MARINHO;29.527.413/0001-00;RJ;RIO DE JANEIRO
GLOBO CIÊNCIA 2002;B0300018199999;04/07/2003;DEFERIDO;NÃO CLASSIFICADA;NÃO INFORMADO;NÃO INFORMADO;SERIADA;30;26;2002;2002;INDEFINIDO;NÃO;FUNDAÇÃO ROBERTO MARINHO;29.527.413/0001-00;RJ;RIO DE JANEIRO
GLOBO CIÊNCIA 2002;B0300018100000;04/07/2003;DEFERIDO;NÃO CLASSIFICADA;NÃO INFORMADO;NÃO INFORMADO;SERIADA;30;36;2002;2002;INDEFINIDO;NÃO;FUNDAÇÃO ROBERTO MARINHO;29.527.413/0001-00;RJ;RIO DE JANEIRO
GLOBO CIÊNCIA 2003;B0300009900000;14/04/2003;DEFERIDO;NÃO CLASSIFICADA;NÃO INFORMADO;NÃO INFORMADO;SERIADA;30;;2003;;INDEFINIDO;NÃO;FUNDAÇÃO ROBERTO MARINHO;29.527.413/0001-00;RJ;RIO DE JANEIRO
GLOBO ECOLOGIA 2002;B0300018000000;04/07/2003;DEFERIDO;NÃO CLASSIFICADA;NÃO INFORMADO;NÃO INFORMADO;SERIADA;30;31;2002;2002;INDEFINIDO;NÃO;FUNDAÇÃO ROBERTO MARINHO;29.527.413/0001-00;RJ;RIO DE JANEIRO
GLOBO ECOLOGIA 2002;B0300018099999;04/07/2003;DEFERIDO;NÃO CLASSIFICADA;NÃO INFORMADO;NÃO INFORMADO;SERIADA;30;31;2002;2002;INDEFINIDO;NÃO;FUNDAÇÃO ROBERTO MARINHO;29.527.413/0001-00;RJ;RIO DE JANEIRO
GLOBO ECOLOGIA 2003;B0300010100000;14/04/2003;DEFERIDO;NÃO CLASSIFICADA;NÃO INFORMADO;NÃO INFORMADO;SERIADA;30;;2003;;INDEFINIDO;NÃO;FUNDAÇÃO ROBERTO MARINHO;29.527.413/0001-00;RJ;RIO DE JANEIRO
GRANDE SERTÃO VEREDAS;B0300036600000;05/10/2003;DEFERIDO;FICÇÃO;NÃO INFORMADO;BRASILEIRA CONSTITUINTE DE ESPAÇO QUALIFICADO;NÃO SERIADA;92;;1965;;INDEFINIDO;NÃO;CINEMATOGRÁFICA VERA CRUZ LTDA.;59.119.800/0001-79;SP;BRAGANCA PAULISTA
GUERRA DE CANUDOS;B0300027400000;01/09/2003;DEFERIDO;FICÇÃO;NÃO INFORMADO;BRASILEIRA INDEPENDENTE CONSTITUINTE DE ESPAÇO QUALIFICADO;NÃO SERIADA;169;;1997;;INDEFINIDO;NÃO;MORENA FILMES EIRELI - ME;42.473.256/0001-66;RJ;RIO DE JANEIRO
HARMADA;B0300041300000;08/11/2003;DEFERIDO;FICÇÃO;NÃO INFORMADO;BRASILEIRA INDEPENDENTE CONSTITUINTE DE ESPAÇO QUALIFICADO;NÃO SERIADA;90;;2003;;INDEFINIDO;NÃO;SATURNA PRODUÇÕES ARTÍSTICAS LTDA.;31.447.584/0001-71;RJ;RIO DE JANEIRO
HERANÇAS DA GRÉCIA ANTIGA;B0300029000000;03/09/2003;DEFERIDO;ANIMAÇÃO;NÃO INFORMADO;NÃO INFORMADO;NÃO SERIADA;5;;2003;;INDEFINIDO;NÃO;RACCORD PRODUÇÕES ARTÍSTICAS E CINEMATOGRÁFICAS LTDA;72.062.029/0001-09;RJ;RIO DE JANEIRO
HOMEM DA CAPA PRETA, O;B0300027500000;01/09/2003;DEFERIDO;FICÇÃO;NÃO INFORMADO;BRASILEIRA INDEPENDENTE CONSTITUINTE DE ESPAÇO QUALIFICADO;NÃO SERIADA;120;;1986;;INDEFINIDO;NÃO;MORENA FILMES EIRELI - ME;42.473.256/0001-66;RJ;RIO DE JANEIRO
HOMEM DAS ENCRENCAS (IMITANDO O SOL), O;B0300037200000;05/10/2003;DEFERIDO;FICÇÃO;NÃO INFORMADO;BRASILEIRA CONSTITUINTE DE ESPAÇO QUALIFICADO;NÃO SERIADA;135;;1965;;INDEFINIDO;NÃO;CINEMATOGRÁFICA VERA CRUZ LTDA.;59.119.800/0001-79;SP;BRAGANCA PAULISTA
HOMEM QUE COPIAVA, O;B0300002700000;23/01/2003;DEFERIDO;FICÇÃO;NÃO INFORMADO;BRASILEIRA INDEPENDENTE CONSTITUINTE DE ESPAÇO QUALIFICADO;NÃO SERIADA;124;;2003;;INDEFINIDO;NÃO;CASA DE CINEMA DE PORTO ALEGRE LTDA.;94.625.829/0001-23;RS;PORTO ALEGRE
HORA VAGABUNDA, A;B0300017200000;03/07/2003;DEFERIDO;FICÇÃO;NÃO INFORMADO;BRASILEIRA CONSTITUINTE DE ESPAÇO QUALIFICADO;NÃO SERIADA;15;;1998;;INDEFINIDO;NÃO;RODAMUNDO FILMES LTDA;23.148.018/0001-30;MG;BELO HORIZONTE
ILHA DOS PAQUERAS, A;B0300005400000;06/03/2003;DEFERIDO;FICÇÃO;NÃO INFORMADO;BRASILEIRA INDEPENDENTE CONSTITUINTE DE ESPAÇO QUALIFICADO;NÃO SERIADA;95;;1970;;INDEFINIDO;NÃO;FAUZI A MANSUR CINEMATOGRÁFICA;49.922.966/0001-75;SP;SAO PAULO
IMENSIDADE;B0300021900000;09/08/2003;DEFERIDO;FICÇÃO;NÃO INFORMADO;BRASILEIRA CONSTITUINTE DE ESPAÇO QUALIFICADO;NÃO SERIADA;14;;2003;;INDEFINIDO;NÃO;AMILCAR M. CLARO PRODUÇÕES LTDA;55.605.414/0001-36;SP;SAO PAULO
INVENÇÃO DA INFÃNCIA, A;B0300026800000;27/08/2003;DEFERIDO;DOCUMENTÁRIO;;BRASILEIRA CONSTITUINTE DE ESPAÇO QUALIFICADO;NÃO SERIADA;26;;2000;;INDEFINIDO;NÃO;M. SCHMIEDT PRODUÇÕES LTDA;86.777.331/0001-58;RS;PORTO ALEGRE
ISAURA;B0300014000000;02/06/2003;DEFERIDO;FICÇÃO;NÃO INFORMADO;BRASILEIRA CONSTITUINTE DE ESPAÇO QUALIFICADO;NÃO SERIADA;15;;2002;;INDEFINIDO;NÃO;NUCLEAR LTDA.;05.293.280/0001-97;RS;PORTO ALEGRE
ISTO É NOEL;B0300031100000;08/09/2003;DEFERIDO;DOCUMENTÁRIO;NÃO INFORMADO;BRASILEIRA INDEPENDENTE CONSTITUINTE DE ESPAÇO QUALIFICADO;NÃO SERIADA;23;;1981;;INDEFINIDO;NÃO;MERCURIO PRODUCOES LTDA;04.760.800/0001-61;SP;SAO PAULO
JANELA NATURAL;B0300011600000;08/05/2003;DEFERIDO;NÃO CLASSIFICADA;NÃO INFORMADO;NÃO INFORMADO;SERIADA;10;;2003;;INDEFINIDO;NÃO;FUNDAÇÃO ROBERTO MARINHO;29.527.413/0001-00;RJ;RIO DE JANEIRO
JAQUEIRÃO DO ZECA, O;B0300047300000;03/12/2003;DEFERIDO;NÃO CLASSIFICADA;NÃO INFORMADO;NÃO INFORMADO;NÃO SERIADA;20;;2003;;INDEFINIDO;NÃO;LUMEN PRODUCOES LTDA;35.794.023/0001-08;RJ;RIO DE JANEIRO
KM 0;B0300031700000;10/09/2003;DEFERIDO;FICÇÃO;NÃO INFORMADO;BRASILEIRA INDEPENDENTE CONSTITUINTE DE ESPAÇO QUALIFICADO;NÃO SERIADA;8;;2003;;INDEFINIDO;NÃO;SOLAR FILMES LTDA - ME;03.766.122/0001-81;RJ;RIO DE JANEIRO
LAMARCA;B0300027600000;01/09/2003;DEFERIDO;FICÇÃO;NÃO INFORMADO;BRASILEIRA INDEPENDENTE CONSTITUINTE DE ESPAÇO QUALIFICADO;NÃO SERIADA;125;;1994;;INDEFINIDO;NÃO;MORENA FILMES EIRELI - ME;42.473.256/0001-66;RJ;RIO DE JANEIRO
LISBELA E O PRISIONEIRO;B0300019500000;21/07/2003;DEFERIDO;FICÇÃO;NÃO INFORMADO;BRASILEIRA INDEPENDENTE CONSTITUINTE DE ESPAÇO QUALIFICADO;NÃO SERIADA;106;;2003;;INDEFINIDO;NÃO;UNS E OUTROS PRODUCOES E FILMES LTDA;04.595.226/0001-33;RJ;RIO DE JANEIRO
LUZ APAGADA;B0300036700000;05/10/2003;DEFERIDO;FICÇÃO;NÃO INFORMADO;BRASILEIRA CONSTITUINTE DE ESPAÇO QUALIFICADO;NÃO SERIADA;94;;1953;;INDEFINIDO;NÃO;CINEMATOGRÁFICA VERA CRUZ LTDA.;59.119.800/0001-79;SP;BRAGANCA PAULISTA
MADAME SATÃ;B0300008800000;02/04/2003;DEFERIDO;FICÇÃO;NÃO INFORMADO;BRASILEIRA INDEPENDENTE CONSTITUINTE DE ESPAÇO QUALIFICADO;NÃO SERIADA;105;;2001;;SALAS DE EXIBIÇÃO;NÃO;VIDEOFILMES PRODUÇÕES ARTÍSTICA LTDA;31.179.864/0001-46;RJ;RIO DE JANEIRO
MARIA, MÃE DO FILHO DE DEUS;B0300034800000;02/10/2003;DEFERIDO;FICÇÃO;NÃO INFORMADO;BRASILEIRA INDEPENDENTE CONSTITUINTE DE ESPAÇO QUALIFICADO;NÃO SERIADA;105;;2003;;SALAS DE EXIBIÇÃO;NÃO;DILER & ASSOCIADOS LTDA;00.291.470/0001-51;RJ;RIO DE JANEIRO
MELODRAMA;B0300018400000;08/07/2003;DEFERIDO;FICÇÃO;NÃO INFORMADO;BRASILEIRA CONSTITUINTE DE ESPAÇO QUALIFICADO;NÃO SERIADA;7;;1988;;INDEFINIDO;NÃO;MULTIPRESS COMUNICAÇÃO LTDA.;68.569.839/0001-89;RJ;RIO DE JANEIRO
MEMÓRIAS PÓSTUMAS;B0300047000000;03/12/2003;DEFERIDO;FICÇÃO;NÃO INFORMADO;BRASILEIRA INDEPENDENTE CONSTITUINTE DE ESPAÇO QUALIFICADO;NÃO SERIADA;102;;2000;;SALAS DE EXIBIÇÃO;NÃO;BRAS FILMES LTDA;02.920.962/0001-94;SP;SAO PAULO
MENTIROSO, O;B0300046100000;17/11/2003;DEFERIDO;FICÇÃO;NÃO INFORMADO;BRASILEIRA INDEPENDENTE CONSTITUINTE DE ESPAÇO QUALIFICADO;NÃO SERIADA;100;;1988;;INDEFINIDO;NÃO;M. SCHMIEDT PRODUÇÕES LTDA;86.777.331/0001-58;RS;PORTO ALEGRE
MEOW!;B0300020700000;04/08/2003;DEFERIDO;ANIMAÇÃO;NÃO INFORMADO;BRASILEIRA INDEPENDENTE CONSTITUINTE DE ESPAÇO QUALIFICADO;NÃO SERIADA;8;;1981;;INDEFINIDO;NÃO;ANIMANDO PRODUÇÕES ARTÍSTICAS LTDA.;31.525.918/0001-88;RJ;RIO DE JANEIRO
METAMORFOSE;B0300048400000;10/12/2003;DEFERIDO;NÃO CLASSIFICADA;NÃO INFORMADO;NÃO INFORMADO;NÃO SERIADA;15;;2002;;INDEFINIDO;NÃO;DHARMA FILMES E VIVENCIAS CINEMATOGRAFICAS LTDA ­ ME;04.482.216/0001-91;GO;ALTO PARAISO DE GOIAS
MUCKER, OS;B0300048000000;09/12/2003;DEFERIDO;FICÇÃO;NÃO INFORMADO;BRASILEIRA INDEPENDENTE CONSTITUINTE DE ESPAÇO QUALIFICADO;NÃO SERIADA;105;;1978;;INDEFINIDO;NÃO;JORGE ROBERTO BODANZKY;31.513.492/0001-42;SP;SAO PAULO
MULHERES ESPERANDO;B0300029200000;03/09/2003;DEFERIDO;NÃO CLASSIFICADA;NÃO INFORMADO;NÃO INFORMADO;NÃO SERIADA;7;;2003;;INDEFINIDO;NÃO;RACCORD PRODUÇÕES ARTÍSTICAS E CINEMATOGRÁFICAS LTDA;72.062.029/0001-09;RJ;RIO DE JANEIRO
MUNDO DA CIÊNCIA;B0300010400000;14/04/2003;DEFERIDO;NÃO CLASSIFICADA;NÃO INFORMADO;NÃO INFORMADO;SERIADA;10;;2003;;INDEFINIDO;NÃO;FUNDAÇÃO ROBERTO MARINHO;29.527.413/0001-00;RJ;RIO DE JANEIRO
NA SENDA DO CRIME;B0300036800000;05/10/2003;DEFERIDO;FICÇÃO;NÃO INFORMADO;BRASILEIRA CONSTITUINTE DE ESPAÇO QUALIFICADO;NÃO SERIADA;80;;1954;;INDEFINIDO;NÃO;CINEMATOGRÁFICA VERA CRUZ LTDA.;59.119.800/0001-79;SP;BRAGANCA PAULISTA
NADANDO EM DINHEIRO;B0300036900000;05/10/2003;DEFERIDO;FICÇÃO;NÃO INFORMADO;BRASILEIRA CONSTITUINTE DE ESPAÇO QUALIFICADO;NÃO SERIADA;95;;1953;;INDEFINIDO;NÃO;CINEMATOGRÁFICA VERA CRUZ LTDA.;59.119.800/0001-79;SP;BRAGANCA PAULISTA
NELSON FREIRE;B0300008900000;02/04/2003;DEFERIDO;DOCUMENTÁRIO;NÃO INFORMADO;BRASILEIRA INDEPENDENTE CONSTITUINTE DE ESPAÇO QUALIFICADO;NÃO SERIADA;107;;2003;;INDEFINIDO;NÃO;VIDEOFILMES PRODUÇÕES ARTÍSTICA LTDA;31.179.864/0001-46;RJ;RIO DE JANEIRO
NOITE VAZIA;B0300037000000;05/10/2003;DEFERIDO;FICÇÃO;NÃO INFORMADO;BRASILEIRA CONSTITUINTE DE ESPAÇO QUALIFICADO;NÃO SERIADA;98;;1964;;INDEFINIDO;NÃO;CINEMATOGRÁFICA VERA CRUZ LTDA.;59.119.800/0001-79;SP;BRAGANCA PAULISTA
NOVEMBRADA;B0300033900000;23/09/2003;DEFERIDO;FICÇÃO;NÃO INFORMADO;BRASILEIRA CONSTITUINTE DE ESPAÇO QUALIFICADO;NÃO SERIADA;20;;1998;;INDEFINIDO;NÃO;USYNA PRESS VÍDEO PRODUÇÕES CINEMATOGRÁFICAS LTDA.;80.434.566/0001-60;SC;FLORIANOPOLIS
NUNCA FOMOS TÃO FELIZES;B0300010900000;25/04/2003;DEFERIDO;FICÇÃO;NÃO INFORMADO;BRASILEIRA INDEPENDENTE CONSTITUINTE DE ESPAÇO QUALIFICADO;NÃO SERIADA;90;;1984;;INDEFINIDO;NÃO;CINEMA BRASIL DIGITAL - ESCRITÓRIO DE PLANEJ. EMPR. AUD. LTDA;68.317.445/0001-33;RJ;RIO DE JANEIRO
NÁUFRAGO;B0300021800000;09/08/2003;DEFERIDO;FICÇÃO;NÃO INFORMADO;BRASILEIRA CONSTITUINTE DE ESPAÇO QUALIFICADO;NÃO SERIADA;19;;1999;;INDEFINIDO;NÃO;AMILCAR M. CLARO PRODUÇÕES LTDA;55.605.414/0001-36;SP;SAO PAULO
NÃO ME CONDENES ANTES QUE ME EXPLIQUE;B0300040000000;29/10/2003;DEFERIDO;FICÇÃO;NÃO INFORMADO;BRASILEIRA CONSTITUINTE DE ESPAÇO QUALIFICADO;NÃO SERIADA;17;;1998;;INDEFINIDO;NÃO;COMTEXTO PRODUÇÕES E PUBLICAÇÕES ARTISTÍCAS LTDA;32.022.899/0001-30;RJ;RIO DE JANEIRO
O ABISMO;B0300030900000;08/09/2003;DEFERIDO;FICÇÃO;NÃO INFORMADO;BRASILEIRA INDEPENDENTE CONSTITUINTE DE ESPAÇO QUALIFICADO;NÃO SERIADA;82;;1978;;INDEFINIDO;NÃO;MERCURIO PRODUCOES LTDA;04.760.800/0001-61;SP;SAO PAULO
O BANDIDO DA LUZ VERMELHA;B0300022100000;13/08/2003;DEFERIDO;FICÇÃO;NÃO INFORMADO;BRASILEIRA INDEPENDENTE CONSTITUINTE DE ESPAÇO QUALIFICADO;NÃO SERIADA;92;;1968;;INDEFINIDO;NÃO;MERCURIO PRODUCOES LTDA;04.760.800/0001-61;SP;SAO PAULO
O ESTRANHO SORO DO DR. X E OUTRAS HISTÓRIAS;B0300012500000;22/05/2003;DEFERIDO;ANIMAÇÃO;NÃO INFORMADO;BRASILEIRA INDEPENDENTE CONSTITUINTE DE ESPAÇO QUALIFICADO;SERIADA;20;3;2002;2002;INDEFINIDO;NÃO;MAURICIO DE SOUSA PRODUÇÕES S.A;47.257.902/0001-71;SP;SAO PAULO
O MUNDO A SUA VOLTA;B0300046300000;19/11/2003;DEFERIDO;NÃO CLASSIFICADA;NÃO INFORMADO;NÃO INFORMADO;SERIADA;30;;2003;;INDEFINIDO;NÃO;FUNDAÇÃO ROBERTO MARINHO;29.527.413/0001-00;RJ;RIO DE JANEIRO
ONDE ANDA VOCÊ;B0300040400000;31/10/2003;DEFERIDO;FICÇÃO;NÃO INFORMADO;BRASILEIRA INDEPENDENTE CONSTITUINTE DE ESPAÇO QUALIFICADO;NÃO SERIADA;105;;2003;;SALAS DE EXIBIÇÃO;NÃO;MORENA FILMES EIRELI - ME;42.473.256/0001-66;RJ;RIO DE JANEIRO
ORIGEM DOS BEBÊS SEGUNDO KIKI CAVALCANTI, A;B0300045000000;13/11/2003;DEFERIDO;FICÇÃO;NÃO INFORMADO;BRASILEIRA INDEPENDENTE CONSTITUINTE DE ESPAÇO QUALIFICADO;NÃO SERIADA;15;;1995;;INDEFINIDO;NÃO;CINEMATOGRÁFICA SUPERFILMES LTDA;52.858.982/0001-50;SP;SAO PAULO
OS NORMAIS - O FILME;B0300021600000;07/08/2003;DEFERIDO;FICÇÃO;NÃO INFORMADO;BRASILEIRA CONSTITUINTE DE ESPAÇO QUALIFICADO;NÃO SERIADA;90;;2003;;SALAS DE EXIBIÇÃO;NÃO;MISSÃO IMPOSSÍVEL CINCO PRODUÇÕES ARTISTICAS LTDA.;03.951.177/0001-61;RJ;RIO DE JANEIRO
OSSO AMOR E PAPAGAIOS;B0300037400000;05/10/2003;DEFERIDO;FICÇÃO;NÃO INFORMADO;BRASILEIRA CONSTITUINTE DE ESPAÇO QUALIFICADO;NÃO SERIADA;102;;1957;;INDEFINIDO;NÃO;CINEMATOGRÁFICA VERA CRUZ LTDA.;59.119.800/0001-79;SP;BRAGANCA PAULISTA
OURO PRETO: OURO PRETO;B0300022500000;18/08/2003;DEFERIDO;NÃO CLASSIFICADA;NÃO INFORMADO;NÃO INFORMADO;NÃO SERIADA;54;;2003;;INDEFINIDO;NÃO;CICLOPE LTDA - EPP;42.822.676/0001-00;MG;BELO HORIZONTE
PAINEL;B0300037500000;05/10/2003;DEFERIDO;DOCUMENTÁRIO;NÃO INFORMADO;BRASILEIRA CONSTITUINTE DE ESPAÇO QUALIFICADO;NÃO SERIADA;16;;1951;;INDEFINIDO;NÃO;CINEMATOGRÁFICA VERA CRUZ LTDA.;59.119.800/0001-79;SP;BRAGANCA PAULISTA
PAIXÃO DE GAÚCHO;B0300037600000;05/10/2003;DEFERIDO;FICÇÃO;NÃO INFORMADO;BRASILEIRA CONSTITUINTE DE ESPAÇO QUALIFICADO;NÃO SERIADA;100;;1958;;INDEFINIDO;NÃO;CINEMATOGRÁFICA VERA CRUZ LTDA.;59.119.800/0001-79;SP;BRAGANCA PAULISTA
PALÁCIO DOS ANJOS;B0300037700000;05/10/2003;DEFERIDO;FICÇÃO;NÃO INFORMADO;BRASILEIRA CONSTITUINTE DE ESPAÇO QUALIFICADO;NÃO SERIADA;96;;1970;;INDEFINIDO;NÃO;CINEMATOGRÁFICA VERA CRUZ LTDA.;59.119.800/0001-79;SP;BRAGANCA PAULISTA
PARIS OU RUBIS;B0300042000000;11/11/2003;DEFERIDO;FICÇÃO;NÃO INFORMADO;NÃO INFORMADO;NÃO SERIADA;15;;2003;;INDEFINIDO;NÃO;TELEVISÃO GAÚCHA S/A;92.735.877/0001-49;RS;PORTO ALEGRE
PASSAPORTE HÚNGARO;B0300017900000;04/07/2003;DEFERIDO;DOCUMENTÁRIO;NÃO INFORMADO;BRASILEIRA CONSTITUINTE DE ESPAÇO QUALIFICADO;NÃO SERIADA;71;;2001;;INDEFINIDO;SIM;REPÚBLICA PUREZA FILMES LTDA.;01.369.211/0001-69;RJ;RIO DE JANEIRO
PATRULHA NICK;B0300011900000;14/05/2003;DEFERIDO;VARIEDADES;;BRASILEIRA CONSTITUINTE DE ESPAÇO QUALIFICADO;SERIADA;0;3;2003;2003;INDEFINIDO;NÃO;RPJ PRODUTORES ASSOCIADOS LTDA;05.161.846/0001-27;SP;SAO PAULO
PINDORAMA;B0300037800000;05/10/2003;DEFERIDO;FICÇÃO;NÃO INFORMADO;BRASILEIRA CONSTITUINTE DE ESPAÇO QUALIFICADO;NÃO SERIADA;95;;1972;;INDEFINIDO;NÃO;CINEMATOGRÁFICA VERA CRUZ LTDA.;59.119.800/0001-79;SP;BRAGANCA PAULISTA
PISA - O QUE É ISTO?;B0300007300000;19/03/2003;DEFERIDO;NÃO CLASSIFICADA;NÃO INFORMADO;NÃO INFORMADO;SERIADA;15;;2003;;INDEFINIDO;NÃO;FUNDAÇÃO ROBERTO MARINHO;29.527.413/0001-00;RJ;RIO DE JANEIRO
PISTOLEIRO BOSSA NOVA;B0300049000000;18/12/2003;DEFERIDO;FICÇÃO;NÃO INFORMADO;BRASILEIRA INDEPENDENTE CONSTITUINTE DE ESPAÇO QUALIFICADO;NÃO SERIADA;102;;1960;;INDEFINIDO;NÃO;HERBERT RICHERS S.A.;33.377.870/0001-33;RJ;RIO DE JANEIRO
PLANO - SEQUÊNCIA;B0300004200000;13/02/2003;DEFERIDO;FICÇÃO;NÃO INFORMADO;BRASILEIRA CONSTITUINTE DE ESPAÇO QUALIFICADO;NÃO SERIADA;12;;2001;;INDEFINIDO;NÃO;RODAMUNDO FILMES LTDA;23.148.018/0001-30;MG;BELO HORIZONTE
PORMENORES;B0300017700000;03/07/2003;DEFERIDO;FICÇÃO;NÃO INFORMADO;BRASILEIRA INDEPENDENTE CONSTITUINTE DE ESPAÇO QUALIFICADO;NÃO SERIADA;5;;2000;;INDEFINIDO;NÃO;CINEMATOGRÁFICA SUPERFILMES LTDA;52.858.982/0001-50;SP;SAO PAULO
PRA MUDAR A MINHA VIDA;B0300041800000;11/11/2003;DEFERIDO;FICÇÃO;NÃO INFORMADO;NÃO INFORMADO;NÃO SERIADA;5;;2003;;INDEFINIDO;NÃO;DUETO FILMES E PARTICIPAÇÕES LTDA (BAIXADA);03.831.332/0001-06;RJ;RIO DE JANEIRO
PREÇO DA PAZ, O;B0300003100000;27/01/2003;DEFERIDO;FICÇÃO;NÃO INFORMADO;BRASILEIRA INDEPENDENTE CONSTITUINTE DE ESPAÇO QUALIFICADO;NÃO SERIADA;101;;2003;;INDEFINIDO;NÃO;M A PRODUÇÕES ARTISTICAS E CULTURAIS LTDA ME;00.568.159/0001-07;PR;CURITIBA
QUERIDO ESTRANHO;B0300003400000;28/01/2003;DEFERIDO;FICÇÃO;NÃO INFORMADO;BRASILEIRA INDEPENDENTE CONSTITUINTE DE ESPAÇO QUALIFICADO;NÃO SERIADA;95;;2002;;SALAS DE EXIBIÇÃO;NÃO;VEREDAS COMUNICAÇÃO E ARTE LTDA.;00.605.488/0001-80;SP;SAO PAULO
RAIZES DO BRASIL, UMA CINEBIOGRAFIA DE SERGIO BUARQUE DE HOLANDA;B0300010800000;24/04/2003;DEFERIDO;DOCUMENTÁRIO;NÃO INFORMADO;BRASILEIRA INDEPENDENTE CONSTITUINTE DE ESPAÇO QUALIFICADO;NÃO SERIADA;74;;2003;;INDEFINIDO;NÃO;REGINA FILMES LTDA;42.164.699/0001-75;RJ;RIO DE JANEIRO
RAPTORES, OS;B0300044800000;12/11/2003;DEFERIDO;FICÇÃO;NÃO INFORMADO;BRASILEIRA INDEPENDENTE CONSTITUINTE DE ESPAÇO QUALIFICADO;NÃO SERIADA;88;;1969;;INDEFINIDO;NÃO;HERBERT RICHERS S.A.;33.377.870/0001-33;RJ;RIO DE JANEIRO
RAVINA;B0300037900000;05/10/2003;DEFERIDO;FICÇÃO;NÃO INFORMADO;BRASILEIRA CONSTITUINTE DE ESPAÇO QUALIFICADO;NÃO SERIADA;100;;1959;;INDEFINIDO;NÃO;CINEMATOGRÁFICA VERA CRUZ LTDA.;59.119.800/0001-79;SP;BRAGANCA PAULISTA
REBELIÃO EM VILA RICA;B0300038000000;05/10/2003;DEFERIDO;FICÇÃO;NÃO INFORMADO;BRASILEIRA CONSTITUINTE DE ESPAÇO QUALIFICADO;NÃO SERIADA;95;;1958;;INDEFINIDO;NÃO;CINEMATOGRÁFICA VERA CRUZ LTDA.;59.119.800/0001-79;SP;BRAGANCA PAULISTA
RESTO É SILÊNCIO, O;B0300015400000;10/06/2003;DEFERIDO;FICÇÃO;NÃO INFORMADO;BRASILEIRA CONSTITUINTE DE ESPAÇO QUALIFICADO;NÃO SERIADA;22;;2003;;INDEFINIDO;NÃO;ARTIFÍCIO CINEMATOGRÁFICO E PRODUÇÕES LTDA.;74.165.200/0001-30;RJ;RIO DE JANEIRO
RETRATO DO ARTISTA COM UM 38 NA MÃO;B0300032800000;15/09/2003;DEFERIDO;FICÇÃO;NÃO INFORMADO;BRASILEIRA CONSTITUINTE DE ESPAÇO QUALIFICADO;NÃO SERIADA;15;;1999;;INDEFINIDO;NÃO;ARTIFÍCIO CINEMATOGRÁFICO E PRODUÇÕES LTDA.;74.165.200/0001-30;RJ;RIO DE JANEIRO
RIO DE JANO;B0300046200000;19/11/2003;DEFERIDO;DOCUMENTÁRIO;NÃO INFORMADO;BRASILEIRA INDEPENDENTE CONSTITUINTE DE ESPAÇO QUALIFICADO;NÃO SERIADA;73;;2003;;INDEFINIDO;NÃO;BUTTERFLY FILMES LTDA;05.262.633/0001-91;RJ;RIO DE JANEIRO
RIO FILM COMMISSION;B0300048100000;09/12/2003;DEFERIDO;DOCUMENTÁRIO;;BRASILEIRA CONSTITUINTE DE ESPAÇO QUALIFICADO;NÃO SERIADA;8;;2003;;INDEFINIDO;NÃO;ASSOCIAÇÃO REVISTA DO CINEMA BRASILEIRO;04.440.028/0001-09;RJ;RIO DE JANEIRO
RITO DE ISMAEL IVO, O;B0300021000000;05/08/2003;DEFERIDO;DOCUMENTÁRIO;NÃO INFORMADO;BRASILEIRA INDEPENDENTE CONSTITUINTE DE ESPAÇO QUALIFICADO;NÃO SERIADA;12;;2003;;INDEFINIDO;NÃO;Z.Y.D.PRODUÇÕES DISTRIBUIÇÃO COMÉRCIO EXP. E IMP. LTDA;71.911.382/0001-53;SP;SAO PAULO
ROCHA QUE VOA;B0300005900000;11/03/2003;DEFERIDO;DOCUMENTÁRIO;NÃO INFORMADO;BRASILEIRA INDEPENDENTE CONSTITUINTE DE ESPAÇO QUALIFICADO;NÃO SERIADA;94;;2001;;INDEFINIDO;NÃO;GNCTV - PRODUCOES DE CINEMA E TV LTDA;16.592.099/0001-06;RJ;RIO DE JANEIRO
ROLÊ;B0300019300000;18/07/2003;DEFERIDO;NÃO CLASSIFICADA;NÃO INFORMADO;NÃO INFORMADO;NÃO SERIADA;25;;2003;;INDEFINIDO;NÃO;BUSCA PRODUÇÕES ARTÍSTICAS S/C LTDA.;05.097.032/0001-70;SP;SAO PAULO
ROSINHA MINHA SEREIA;B0300027200000;01/09/2003;DEFERIDO;FICÇÃO;NÃO INFORMADO;BRASILEIRA CONSTITUINTE DE ESPAÇO QUALIFICADO;NÃO SERIADA;15;;1998;;INDEFINIDO;NÃO;CONVERGÊNCIA CONTEÚDO E PRODUÇÃO LTDA;04.647.273/0001-83;PR;CURITIBA
RUA DA AMARGURA;B0300017000000;03/07/2003;DEFERIDO;FICÇÃO;NÃO INFORMADO;BRASILEIRA CONSTITUINTE DE ESPAÇO QUALIFICADO;NÃO SERIADA;14;;2003;;INDEFINIDO;NÃO;RODAMUNDO FILMES LTDA;23.148.018/0001-30;MG;BELO HORIZONTE
RUA DA ESCADINHA 162;B0300046400000;21/11/2003;DEFERIDO;DOCUMENTÁRIO;NÃO INFORMADO;BRASILEIRA INDEPENDENTE CONSTITUINTE DE ESPAÇO QUALIFICADO;NÃO SERIADA;18;;2003;;INDEFINIDO;NÃO;MARCIO ELISIO CARNEIRO CAMARA;01.518.025/0001-44;CE;FORTALEZA
RUA DESCALÇA;B0300044700000;12/11/2003;DEFERIDO;FICÇÃO;NÃO INFORMADO;BRASILEIRA INDEPENDENTE CONSTITUINTE DE ESPAÇO QUALIFICADO;NÃO SERIADA;104;;1971;;INDEFINIDO;NÃO;HERBERT RICHERS S.A.;33.377.870/0001-33;RJ;RIO DE JANEIRO
SAI DA FRENTE;B0300038100000;05/10/2003;DEFERIDO;FICÇÃO;NÃO INFORMADO;BRASILEIRA CONSTITUINTE DE ESPAÇO QUALIFICADO;NÃO SERIADA;87;;1952;;INDEFINIDO;NÃO;CINEMATOGRÁFICA VERA CRUZ LTDA.;59.119.800/0001-79;SP;BRAGANCA PAULISTA
SAMBA;B0300047400000;03/12/2003;DEFERIDO;DOCUMENTÁRIO;NÃO INFORMADO;BRASILEIRA INDEPENDENTE CONSTITUINTE DE ESPAÇO QUALIFICADO;NÃO SERIADA;54;;2001;;INDEFINIDO;NÃO;KINOFILMES PRODUÇÕES ARTÍSTICAS E CINEMATOGRÁFICAS LTDA;01.464.291/0001-31;RJ;RIO DE JANEIRO
SEGREDO DA MÚMIA, O;B0300048800000;16/12/2003;DEFERIDO;FICÇÃO;NÃO INFORMADO;BRASILEIRA CONSTITUINTE DE ESPAÇO QUALIFICADO;NÃO SERIADA;85;;1982;;INDEFINIDO;NÃO;TOPAZIO FILMES LTDA;31.205.560/0001-06;RJ;RIO DE JANEIRO
SEM ESSA, ARANHA;B0300030700000;08/09/2003;DEFERIDO;FICÇÃO;NÃO INFORMADO;BRASILEIRA INDEPENDENTE CONSTITUINTE DE ESPAÇO QUALIFICADO;NÃO SERIADA;102;;1970;;INDEFINIDO;NÃO;MERCURIO PRODUCOES LTDA;04.760.800/0001-61;SP;SAO PAULO
SEM VOCÊ;B0300049900000;22/12/2003;DEFERIDO;FICÇÃO;NÃO INFORMADO;NÃO INFORMADO;NÃO SERIADA;5;;2003;;INDEFINIDO;NÃO;PETZHOLD E ASSOCIADOS LTDA.;02.870.667/0001-70;RJ;RIO DE JANEIRO
SEXUALIDADES;B0300016500000;27/06/2003;DEFERIDO;NÃO CLASSIFICADA;NÃO INFORMADO;NÃO INFORMADO;NÃO SERIADA;30;;2003;;INDEFINIDO;NÃO;PEDRO SUTTER OZORIO ROSA;03.086.324/0001-82;RJ;RIO DE JANEIRO
SILÊNCIO BRANCO;B0300038300000;05/10/2003;DEFERIDO;DOCUMENTÁRIO;;BRASILEIRA CONSTITUINTE DE ESPAÇO QUALIFICADO;NÃO SERIADA;80;;1964;;INDEFINIDO;NÃO;CINEMATOGRÁFICA VERA CRUZ LTDA.;59.119.800/0001-79;SP;BRAGANCA PAULISTA
SINAIS DE FOGO;B0300041900000;11/11/2003;DEFERIDO;FICÇÃO;NÃO INFORMADO;NÃO INFORMADO;NÃO SERIADA;3;;2003;;INDEFINIDO;NÃO;DUETO FILMES E PARTICIPAÇÕES LTDA (BAIXADA);03.831.332/0001-06;RJ;RIO DE JANEIRO
SINHÁ MOÇA;B0300038400000;05/10/2003;DEFERIDO;FICÇÃO;NÃO INFORMADO;BRASILEIRA CONSTITUINTE DE ESPAÇO QUALIFICADO;NÃO SERIADA;120;;1953;;INDEFINIDO;NÃO;CINEMATOGRÁFICA VERA CRUZ LTDA.;59.119.800/0001-79;SP;BRAGANCA PAULISTA
SOBRADO, O;B0300037300000;05/10/2003;DEFERIDO;FICÇÃO;NÃO INFORMADO;BRASILEIRA CONSTITUINTE DE ESPAÇO QUALIFICADO;NÃO SERIADA;110;;1956;;INDEFINIDO;NÃO;CINEMATOGRÁFICA VERA CRUZ LTDA.;59.119.800/0001-79;SP;BRAGANCA PAULISTA
SONHO NÃO ACABOU, O;B0300027800000;01/09/2003;DEFERIDO;FICÇÃO;NÃO INFORMADO;BRASILEIRA INDEPENDENTE CONSTITUINTE DE ESPAÇO QUALIFICADO;NÃO SERIADA;110;;1982;;INDEFINIDO;NÃO;MORENA FILMES EIRELI - ME;42.473.256/0001-66;RJ;RIO DE JANEIRO
SOU PERCUCIA - TOQUE BAHIA;B0300024400000;25/08/2003;DEFERIDO;FICÇÃO;NÃO INFORMADO;NÃO INFORMADO;NÃO SERIADA;2;;2003;;INDEFINIDO;NÃO;FUNDAÇÃO ROBERTO MARINHO;29.527.413/0001-00;RJ;RIO DE JANEIRO
SÃO JERÔNIMO;B0300047700000;04/12/2003;DEFERIDO;FICÇÃO;NÃO INFORMADO;BRASILEIRA INDEPENDENTE CONSTITUINTE DE ESPAÇO QUALIFICADO;NÃO SERIADA;80;;2003;;INDEFINIDO;NÃO;TB PRODUÇÕES LTDA;02.342.813/0001-95;RJ;RIO DE JANEIRO
SÃO PAULO EM FESTA;B0300038200000;05/10/2003;DEFERIDO;DOCUMENTÁRIO;NÃO INFORMADO;BRASILEIRA CONSTITUINTE DE ESPAÇO QUALIFICADO;NÃO SERIADA;51;;1954;;INDEFINIDO;NÃO;CINEMATOGRÁFICA VERA CRUZ LTDA.;59.119.800/0001-79;SP;BRAGANCA PAULISTA
SÓ PARA MOÇAS;B0300029300000;03/09/2003;DEFERIDO;ANIMAÇÃO;NÃO INFORMADO;NÃO INFORMADO;NÃO SERIADA;2;;2003;;INDEFINIDO;NÃO;RACCORD PRODUÇÕES ARTÍSTICAS E CINEMATOGRÁFICAS LTDA;72.062.029/0001-09;RJ;RIO DE JANEIRO
SÓCIO DE ALCOVA;B0300045400000;14/11/2003;DEFERIDO;FICÇÃO;NÃO INFORMADO;BRASILEIRA INDEPENDENTE CONSTITUINTE DE ESPAÇO QUALIFICADO;NÃO SERIADA;90;;1961;;INDEFINIDO;NÃO;HERBERT RICHERS S.A.;33.377.870/0001-33;RJ;RIO DE JANEIRO
TEM BOI NO TRILHO;B0300020400000;04/08/2003;DEFERIDO;ANIMAÇÃO;NÃO INFORMADO;BRASILEIRA CONSTITUINTE DE ESPAÇO QUALIFICADO;NÃO SERIADA;6;;1988;;INDEFINIDO;NÃO;ANIMANDO PRODUÇÕES ARTÍSTICAS LTDA.;31.525.918/0001-88;RJ;RIO DE JANEIRO
TERRA É SEMPRE TERRA;B0300038500000;05/10/2003;DEFERIDO;FICÇÃO;NÃO INFORMADO;BRASILEIRA CONSTITUINTE DE ESPAÇO QUALIFICADO;NÃO SERIADA;95;;1951;;INDEFINIDO;NÃO;CINEMATOGRÁFICA VERA CRUZ LTDA.;59.119.800/0001-79;SP;BRAGANCA PAULISTA
TICO-TICO NO FUBÁ;B0300038600000;05/10/2003;DEFERIDO;FICÇÃO;NÃO INFORMADO;BRASILEIRA CONSTITUINTE DE ESPAÇO QUALIFICADO;NÃO SERIADA;109;;1952;;INDEFINIDO;NÃO;CINEMATOGRÁFICA VERA CRUZ LTDA.;59.119.800/0001-79;SP;BRAGANCA PAULISTA
TOCADORES - HOMEM, TERRA, MÚSICA E CORDAS - BRASIL CENTRAL;B0300021100000;05/08/2003;DEFERIDO;DOCUMENTÁRIO;;BRASILEIRA INDEPENDENTE CONSTITUINTE DE ESPAÇO QUALIFICADO;NÃO SERIADA;24;;2003;;INDEFINIDO;NÃO;OLARIA PROJETOS DE ARTE E EDUCAÇÃO LTDA;04.554.921/0001-57;PR;CURITIBA
TOCADORES - HOMEM, TERRA, MÚSICA E CORDAS - LITORAL SUL;B0300021200000;05/08/2003;DEFERIDO;DOCUMENTÁRIO;;BRASILEIRA INDEPENDENTE CONSTITUINTE DE ESPAÇO QUALIFICADO;NÃO SERIADA;25;;2003;;INDEFINIDO;NÃO;OLARIA PROJETOS DE ARTE E EDUCAÇÃO LTDA;04.554.921/0001-57;PR;CURITIBA
TRUQUES, XAROPES E OUTROS ARTIGOS DE CONFIANÇA;B0300012000000;15/05/2003;DEFERIDO;FICÇÃO;NÃO INFORMADO;BRASILEIRA CONSTITUINTE DE ESPAÇO QUALIFICADO;NÃO SERIADA;16;;2003;;INDEFINIDO;NÃO;AION CINEMATOGRAFICA LTDA;01.835.704/0001-47;RJ;RIO DE JANEIRO
TRÊS CANGACEIROS, OS;B0300044900000;12/11/2003;DEFERIDO;FICÇÃO;NÃO INFORMADO;BRASILEIRA INDEPENDENTE CONSTITUINTE DE ESPAÇO QUALIFICADO;NÃO SERIADA;102;;1961;;INDEFINIDO;NÃO;HERBERT RICHERS S.A.;33.377.870/0001-33;RJ;RIO DE JANEIRO
UAKTI - OFICINA INSTRUMENTAL;B0300016900000;03/07/2003;DEFERIDO;DOCUMENTÁRIO;NÃO INFORMADO;BRASILEIRA CONSTITUINTE DE ESPAÇO QUALIFICADO;NÃO SERIADA;12;;1987;;INDEFINIDO;NÃO;RODAMUNDO FILMES LTDA;23.148.018/0001-30;MG;BELO HORIZONTE
UM ANJO MAU;B0300038700000;05/10/2003;DEFERIDO;FICÇÃO;NÃO INFORMADO;BRASILEIRA CONSTITUINTE DE ESPAÇO QUALIFICADO;NÃO SERIADA;107;;1972;;INDEFINIDO;NÃO;CINEMATOGRÁFICA VERA CRUZ LTDA.;59.119.800/0001-79;SP;BRAGANCA PAULISTA
UM CERTO CAPITÃO RODRIGO;B0300038800000;05/10/2003;DEFERIDO;FICÇÃO;NÃO INFORMADO;BRASILEIRA CONSTITUINTE DE ESPAÇO QUALIFICADO;NÃO SERIADA;100;;1971;;INDEFINIDO;NÃO;CINEMATOGRÁFICA VERA CRUZ LTDA.;59.119.800/0001-79;SP;BRAGANCA PAULISTA
UM SHOW DE VERÃO;B0300050000000;30/12/2003;DEFERIDO;FICÇÃO;NÃO INFORMADO;BRASILEIRA INDEPENDENTE CONSTITUINTE DE ESPAÇO QUALIFICADO;NÃO SERIADA;96;;2003;;SALAS DE EXIBIÇÃO;NÃO;DILER & ASSOCIADOS LTDA;00.291.470/0001-51;RJ;RIO DE JANEIRO
UMA PULGA NA BALANÇA;B0300038900000;05/10/2003;DEFERIDO;FICÇÃO;NÃO INFORMADO;BRASILEIRA CONSTITUINTE DE ESPAÇO QUALIFICADO;NÃO SERIADA;98;;1953;;INDEFINIDO;NÃO;CINEMATOGRÁFICA VERA CRUZ LTDA.;59.119.800/0001-79;SP;BRAGANCA PAULISTA
UMA RUA CHAMADA CARDOSO JR.;B0300029400000;03/09/2003;DEFERIDO;NÃO CLASSIFICADA;NÃO INFORMADO;NÃO INFORMADO;NÃO SERIADA;9;;2003;;INDEFINIDO;NÃO;RACCORD PRODUÇÕES ARTÍSTICAS E CINEMATOGRÁFICAS LTDA;72.062.029/0001-09;RJ;RIO DE JANEIRO
VAMPIRO, O;B0300012400000;22/05/2003;DEFERIDO;ANIMAÇÃO;NÃO INFORMADO;BRASILEIRA INDEPENDENTE CONSTITUINTE DE ESPAÇO QUALIFICADO;SERIADA;23;3;2002;2002;INDEFINIDO;NÃO;MAURICIO DE SOUSA PRODUÇÕES S.A;47.257.902/0001-71;SP;SAO PAULO
VENENO;B0300039000000;05/10/2003;DEFERIDO;FICÇÃO;NÃO INFORMADO;BRASILEIRA CONSTITUINTE DE ESPAÇO QUALIFICADO;NÃO SERIADA;80;;1952;;INDEFINIDO;NÃO;CINEMATOGRÁFICA VERA CRUZ LTDA.;59.119.800/0001-79;SP;BRAGANCA PAULISTA
VERÃO DE FOGO;B0300039100000;05/10/2003;DEFERIDO;FICÇÃO;NÃO INFORMADO;BRASILEIRA CONSTITUINTE DE ESPAÇO QUALIFICADO;NÃO SERIADA;92;;1970;;INDEFINIDO;NÃO;CINEMATOGRÁFICA VERA CRUZ LTDA.;59.119.800/0001-79;SP;BRAGANCA PAULISTA
VESTIDO, O;B0300040900000;03/11/2003;DEFERIDO;FICÇÃO;NÃO INFORMADO;BRASILEIRA INDEPENDENTE CONSTITUINTE DE ESPAÇO QUALIFICADO;NÃO SERIADA;121;;2003;;SALAS DE EXIBIÇÃO;SIM;VITÓRIA PRODUÇÕES CINEMATOGRÁFICAS LTDA.;36.007.649/0001-81;RJ;RIO DE JANEIRO
VISIONÁRIOS;B0300034500000;30/09/2003;DEFERIDO;NÃO CLASSIFICADA;NÃO INFORMADO;NÃO INFORMADO;NÃO SERIADA;15;;2002;;INDEFINIDO;NÃO;BEIJA FLOR FILMES LTDA;04.952.911/0001-70;PR;CURITIBA
VIVA LEGAL 2003;B0300010200000;14/04/2003;DEFERIDO;NÃO CLASSIFICADA;NÃO INFORMADO;NÃO INFORMADO;SERIADA;30;;2003;;INDEFINIDO;NÃO;FUNDAÇÃO ROBERTO MARINHO;29.527.413/0001-00;RJ;RIO DE JANEIRO
VIVA SAPATO!;B0300026000000;26/08/2003;DEFERIDO;FICÇÃO;NÃO INFORMADO;BRASILEIRA INDEPENDENTE CONSTITUINTE DE ESPAÇO QUALIFICADO;NÃO SERIADA;93;;2002;;SALAS DE EXIBIÇÃO;SIM;TERRA BRASILIS PROMOCOES E MARKETING LTDA;73.832.644/0001-10;RJ;RIO DE JANEIRO
VIVA VOZ;B0300007100000;18/03/2003;DEFERIDO;FICÇÃO;NÃO INFORMADO;BRASILEIRA CONSTITUINTE DE ESPAÇO QUALIFICADO;NÃO SERIADA;85;;2003;;INDEFINIDO;NÃO;O2 PRODUÇÕES ARTÍSTICAS E CINEMATOGRÁFICAS LTDA.;67.431.718/0001-03;SP;COTIA
XUXA E OS DUENDES 2;B0300029600000;04/09/2003;DEFERIDO;FICÇÃO;NÃO INFORMADO;BRASILEIRA INDEPENDENTE CONSTITUINTE DE ESPAÇO QUALIFICADO;NÃO SERIADA;86;;2002;;SALAS DE EXIBIÇÃO;NÃO;DILER & ASSOCIADOS LTDA;00.291.470/0001-51;RJ;RIO DE JANEIRO
ZAGATI;B0300004400000;20/02/2003;DEFERIDO;DOCUMENTÁRIO;;BRASILEIRA INDEPENDENTE CONSTITUINTE DE ESPAÇO QUALIFICADO;NÃO SERIADA;15;;2001;;INDEFINIDO;NÃO;Z.Y.D.PRODUÇÕES DISTRIBUIÇÃO COMÉRCIO EXP. E IMP. LTDA;71.911.382/0001-53;SP;SAO PAULO
À MARGEM DA IMAGEM;B0300002200000;15/01/2003;DEFERIDO;DOCUMENTÁRIO;NÃO INFORMADO;BRASILEIRA INDEPENDENTE CONSTITUINTE DE ESPAÇO QUALIFICADO;NÃO SERIADA;15;;2002;;INDEFINIDO;NÃO;SP FILMES DE SÃO PAULO LTDA;59.190.843/0001-40;SP;SAO PAULO
É PROIBIDO BEIJAR;B0300036000000;05/10/2003;DEFERIDO;FICÇÃO;NÃO INFORMADO;BRASILEIRA CONSTITUINTE DE ESPAÇO QUALIFICADO;NÃO SERIADA;94;;1954;;INDEFINIDO;NÃO;CINEMATOGRÁFICA VERA CRUZ LTDA.;59.119.800/0001-79;SP;BRAGANCA PAULISTA
ÍMPARES;B0300029100000;03/09/2003;DEFERIDO;NÃO CLASSIFICADA;NÃO INFORMADO;NÃO INFORMADO;NÃO SERIADA;14;;2003;;INDEFINIDO;NÃO;RACCORD PRODUÇÕES ARTÍSTICAS E CINEMATOGRÁFICAS LTDA;72.062.029/0001-09;RJ;RIO DE JANEIRO
