dataset_slug,secao,titulo,formato,data_publicacao,ano_referencia,extensao,url_arquivo,pagina_origem,data_coleta,prioridade_extracao,local_path,hash_arquivo,tamanho_bytes,download_status
ancine_condecine_arrecadacao,dados_financeiros,Condecine - Valores Arrecadados - Em Reais (R$) 2007 a 2025,Tabela e Gráfico,08/04/2026,2007 - 2025,csv,https://www.gov.br/ancine/pt-br/oca/publicacoes/dados-financeiros/arquivos.csv/planilha-valores-arrecadados-condecine-2007-a-2025.csv,https://www.gov.br/ancine/pt-br/oca/publicacoes-2/dados-financeiros,2026-05-23,1,datasets/ancine-condecine-arrecadacao/snapshots/2026-05-23/planilha-valores-arrecadados-condecine-2007-a-2025.csv,02c7dc8e854f4cb2e25763c9e99e997dcb59cbf712683d703d80e61771b8c54a,4993.0,ok
ancine_condecine_arrecadacao,dados_financeiros,Condecine - Valores Arrecadados - Em Reais (R$) 2007 a 2025,Tabela e Gráfico,08/04/2026,2007 - 2025,xlsx,https://www.gov.br/ancine/pt-br/oca/publicacoes/dados-financeiros/arquivos.xlsx/planilha-valores-arrecadados-condecine-2007-a-2025.xlsx,https://www.gov.br/ancine/pt-br/oca/publicacoes-2/dados-financeiros,2026-05-23,2,datasets/ancine-condecine-arrecadacao/snapshots/2026-05-23/planilha-valores-arrecadados-condecine-2007-a-2025.xlsx,e9c189b804ccd477de7e20bb0466ad16f0f51a9c712f9f3abf19e7589cce886a,15312.0,ok
ancine_condecine_arrecadacao,dados_financeiros,Condecine - Valores Arrecadados - Em Reais (R$) 2007 a 2025,Tabela e Gráfico,08/04/2026,2007 - 2025,pdf,https://www.gov.br/ancine/pt-br/oca/publicacoes/dados-financeiros/arquivos.pdf/planilha-valores-arrecadados-condecine-2007-a-2025.pdf,https://www.gov.br/ancine/pt-br/oca/publicacoes-2/dados-financeiros,2026-05-23,3,datasets/ancine-condecine-arrecadacao/snapshots/2026-05-23/planilha-valores-arrecadados-condecine-2007-a-2025.pdf,db4e50f792a3351add17c7f5dc4d16e2a992ba37ef61661ba9f3502fede04e6d,77537.0,ok
ancine_condecine_arrecadacao,dados_financeiros,Valores Arrecadados Condecine por Mês 2010,Tabela e Gráfico,28/06/2019,2010,csv,https://www.gov.br/ancine/pt-br/oca/recursos-publicos/arquivos.csv/valores-condecine-por-mes-2010.csv,https://www.gov.br/ancine/pt-br/oca/publicacoes-2/dados-financeiros,2026-05-23,1,datasets/ancine-condecine-arrecadacao/snapshots/2026-05-23/valores-condecine-por-mes-2010.csv,2dd88e673c18e29857580e566d3c37a6f9fcac2fccc7b3b516b01e9696d3a118,2642.0,ok
ancine_condecine_arrecadacao,dados_financeiros,Valores Arrecadados Condecine por Mês 2010,Tabela e Gráfico,28/06/2019,2010,xlsx,https://www.gov.br/ancine/pt-br/oca/recursos-publicos/arquivos.xlsx/valores-condecine-por-mes-2010.xlsx,https://www.gov.br/ancine/pt-br/oca/publicacoes-2/dados-financeiros,2026-05-23,2,datasets/ancine-condecine-arrecadacao/snapshots/2026-05-23/valores-condecine-por-mes-2010.xlsx,82ba909b2194ebcaced106671d568ea2d53a3ca6963d5abb33f9393d0fb892b5,12012.0,ok
ancine_condecine_arrecadacao,dados_financeiros,Valores Arrecadados Condecine por Mês 2010,Tabela e Gráfico,28/06/2019,2010,pdf,https://www.gov.br/ancine/pt-br/oca/recursos-publicos/arquivos.pdf/valores-condecine-por-mes-2010.pdf,https://www.gov.br/ancine/pt-br/oca/publicacoes-2/dados-financeiros,2026-05-23,3,datasets/ancine-condecine-arrecadacao/snapshots/2026-05-23/valores-condecine-por-mes-2010.pdf,a426a5a12d1849983aa28d45a613bd3b3e506cb91c4c82ef6df4c6e482ad3228,72099.0,ok
ancine_condecine_arrecadacao,dados_financeiros,Valores Arrecadados Condecine por Mês 2011,Tabela e Gráfico,28/06/2019,2011,csv,https://www.gov.br/ancine/pt-br/oca/recursos-publicos/arquivos.csv/valores-condecine-por-mes-2011.csv,https://www.gov.br/ancine/pt-br/oca/publicacoes-2/dados-financeiros,2026-05-23,1,datasets/ancine-condecine-arrecadacao/snapshots/2026-05-23/valores-condecine-por-mes-2011.csv,9184f24f2469802e89e385fe2b59281820d82c8147d31ae6c81f83c47edb3a95,2724.0,ok
ancine_condecine_arrecadacao,dados_financeiros,Valores Arrecadados Condecine por Mês 2011,Tabela e Gráfico,28/06/2019,2011,xlsx,https://www.gov.br/ancine/pt-br/oca/recursos-publicos/arquivos.xlsx/valores-condecine-por-mes-2011.xlsx,https://www.gov.br/ancine/pt-br/oca/publicacoes-2/dados-financeiros,2026-05-23,2,datasets/ancine-condecine-arrecadacao/snapshots/2026-05-23/valores-condecine-por-mes-2011.xlsx,ab42214eb2c8fc6f521063961942bb62962c4e8112315a38ef3f26fbb11aedcd,12108.0,ok
ancine_condecine_arrecadacao,dados_financeiros,Valores Arrecadados Condecine por Mês 2011,Tabela e Gráfico,28/06/2019,2011,pdf,https://www.gov.br/ancine/pt-br/oca/recursos-publicos/arquivos.pdf/valores-condecine-por-mes-2011.pdf,https://www.gov.br/ancine/pt-br/oca/publicacoes-2/dados-financeiros,2026-05-23,3,datasets/ancine-condecine-arrecadacao/snapshots/2026-05-23/valores-condecine-por-mes-2011.pdf,817610e73691c5e21bfee12dee6f5c5ce51460c0648c58faec44363809ada874,72216.0,ok
ancine_condecine_arrecadacao,dados_financeiros,Valores Arrecadados Condecine por Mês 2012,Tabela e Gráfico,28/06/2019,2012,csv,https://www.gov.br/ancine/pt-br/oca/recursos-publicos/arquivos.csv/valores-condecine-por-mes-2012.csv,https://www.gov.br/ancine/pt-br/oca/publicacoes-2/dados-financeiros,2026-05-23,1,datasets/ancine-condecine-arrecadacao/snapshots/2026-05-23/valores-condecine-por-mes-2012.csv,7876c264c3926f215fe29adc15e6834cb91f2eb5c2e2f5836f7019df9633399c,3567.0,ok
ancine_condecine_arrecadacao,dados_financeiros,Valores Arrecadados Condecine por Mês 2012,Tabela e Gráfico,28/06/2019,2012,xlsx,https://www.gov.br/ancine/pt-br/oca/recursos-publicos/arquivos.xlsx/valores-condecine-por-mes-2012.xlsx,https://www.gov.br/ancine/pt-br/oca/publicacoes-2/dados-financeiros,2026-05-23,2,datasets/ancine-condecine-arrecadacao/snapshots/2026-05-23/valores-condecine-por-mes-2012.xlsx,5a05d7fe15c20f511932105e69d6a35c5c3ac3cffc60da837c10791316462a9c,12790.0,ok
ancine_condecine_arrecadacao,dados_financeiros,Valores Arrecadados Condecine por Mês 2012,Tabela e Gráfico,28/06/2019,2012,pdf,https://www.gov.br/ancine/pt-br/oca/recursos-publicos/arquivos.pdf/valores-condecine-por-mes-2012.pdf,https://www.gov.br/ancine/pt-br/oca/publicacoes-2/dados-financeiros,2026-05-23,3,datasets/ancine-condecine-arrecadacao/snapshots/2026-05-23/valores-condecine-por-mes-2012.pdf,975952429277032cec18176ef07ec173b84f39088d1662ae0ddaff3e173b8822,96329.0,ok
ancine_condecine_arrecadacao,dados_financeiros,Valores Arrecadados Condecine por Mês 2013,Tabela e Gráfico,28/06/2019,2013,csv,https://www.gov.br/ancine/pt-br/oca/recursos-publicos/arquivos.csv/valores-condecine-por-mes-2013.csv,https://www.gov.br/ancine/pt-br/oca/publicacoes-2/dados-financeiros,2026-05-23,1,datasets/ancine-condecine-arrecadacao/snapshots/2026-05-23/valores-condecine-por-mes-2013.csv,2def96393c9268260fef1877057cacc180742978308ba23e15e8d80360e642df,3718.0,ok
ancine_condecine_arrecadacao,dados_financeiros,Valores Arrecadados Condecine por Mês 2013,Tabela e Gráfico,28/06/2019,2013,xlsx,https://www.gov.br/ancine/pt-br/oca/recursos-publicos/arquivos.xlsx/valores-condecine-por-mes-2013.xlsx,https://www.gov.br/ancine/pt-br/oca/publicacoes-2/dados-financeiros,2026-05-23,2,datasets/ancine-condecine-arrecadacao/snapshots/2026-05-23/valores-condecine-por-mes-2013.xlsx,582039edb4e6f18a575f1126565160b034c82eb562242cf38aa1e90ed4505d9e,12954.0,ok
ancine_condecine_arrecadacao,dados_financeiros,Valores Arrecadados Condecine por Mês 2013,Tabela e Gráfico,28/06/2019,2013,pdf,https://www.gov.br/ancine/pt-br/oca/recursos-publicos/arquivos.pdf/valores-condecine-por-mes-2013.pdf,https://www.gov.br/ancine/pt-br/oca/publicacoes-2/dados-financeiros,2026-05-23,3,datasets/ancine-condecine-arrecadacao/snapshots/2026-05-23/valores-condecine-por-mes-2013.pdf,f51447bbc829e38d73cd5444f5e9af49c6790fc7a25630adc52268dbd7672830,96466.0,ok
ancine_condecine_arrecadacao,dados_financeiros,Valores Arrecadados Condecine por Mês 2014,Tabela e Gráfico,28/06/2019,2014,csv,https://www.gov.br/ancine/pt-br/oca/recursos-publicos/arquivos.csv/valores-condecine-por-mes-2014.csv,https://www.gov.br/ancine/pt-br/oca/publicacoes-2/dados-financeiros,2026-05-23,1,datasets/ancine-condecine-arrecadacao/snapshots/2026-05-23/valores-condecine-por-mes-2014.csv,409703b3a6796180c70c0f58290188371ddbba6047f2a03034d312e705992422,3696.0,ok
ancine_condecine_arrecadacao,dados_financeiros,Valores Arrecadados Condecine por Mês 2014,Tabela e Gráfico,28/06/2019,2014,xlsx,https://www.gov.br/ancine/pt-br/oca/recursos-publicos/arquivos.xlsx/valores-condecine-por-mes-2014.xlsx,https://www.gov.br/ancine/pt-br/oca/publicacoes-2/dados-financeiros,2026-05-23,2,datasets/ancine-condecine-arrecadacao/snapshots/2026-05-23/valores-condecine-por-mes-2014.xlsx,8118b3d34b3b0ba20335b5759788ca5732dde049592606aaa66da183c183c981,12935.0,ok
ancine_condecine_arrecadacao,dados_financeiros,Valores Arrecadados Condecine por Mês 2014,Tabela e Gráfico,28/06/2019,2014,pdf,https://www.gov.br/ancine/pt-br/oca/recursos-publicos/arquivos.pdf/valores-condecine-por-mes-2014.pdf,https://www.gov.br/ancine/pt-br/oca/publicacoes-2/dados-financeiros,2026-05-23,3,datasets/ancine-condecine-arrecadacao/snapshots/2026-05-23/valores-condecine-por-mes-2014.pdf,c4162be79195d04159ad468383206bfa49a7bb25d5fe7fc75920187719fbb287,96335.0,ok
ancine_condecine_arrecadacao,dados_financeiros,Valores Arrecadados Condecine por Mês 2015,Tabela e Gráfico,28/06/2019,2015,csv,https://www.gov.br/ancine/pt-br/oca/recursos-publicos/arquivos.csv/valores-condecine-por-mes-2015.csv,https://www.gov.br/ancine/pt-br/oca/publicacoes-2/dados-financeiros,2026-05-23,1,datasets/ancine-condecine-arrecadacao/snapshots/2026-05-23/valores-condecine-por-mes-2015.csv,f10dbbbf4b81c946fcb935ccfe83c30a3ef1ebed84ffe5b26ff81bc379659239,3522.0,ok
ancine_condecine_arrecadacao,dados_financeiros,Valores Arrecadados Condecine por Mês 2015,Tabela e Gráfico,28/06/2019,2015,xlsx,https://www.gov.br/ancine/pt-br/oca/recursos-publicos/arquivos.xlsx/valores-condecine-por-mes-2015.xlsx,https://www.gov.br/ancine/pt-br/oca/publicacoes-2/dados-financeiros,2026-05-23,2,datasets/ancine-condecine-arrecadacao/snapshots/2026-05-23/valores-condecine-por-mes-2015.xlsx,a61a8b3de29b4f8e865142c5f83664eb03c09104d93e08f2471af380e3bc172a,12826.0,ok
ancine_condecine_arrecadacao,dados_financeiros,Valores Arrecadados Condecine por Mês 2015,Tabela e Gráfico,28/06/2019,2015,pdf,https://www.gov.br/ancine/pt-br/oca/recursos-publicos/arquivos.pdf/valores-condecine-por-mes-2015.pdf,https://www.gov.br/ancine/pt-br/oca/publicacoes-2/dados-financeiros,2026-05-23,3,datasets/ancine-condecine-arrecadacao/snapshots/2026-05-23/valores-condecine-por-mes-2015.pdf,87aab6e8b453bd35737dcf8d4172a68b727fed94d138b31900e007b177aa34eb,95941.0,ok
ancine_condecine_arrecadacao,dados_financeiros,Valores Arrecadados Condecine por Mês 2016,Tabela e Gráfico,28/06/2019,2016,csv,https://www.gov.br/ancine/pt-br/oca/recursos-publicos/arquivos.csv/valores-condecine-por-mes-2016.csv,https://www.gov.br/ancine/pt-br/oca/publicacoes-2/dados-financeiros,2026-05-23,1,datasets/ancine-condecine-arrecadacao/snapshots/2026-05-23/valores-condecine-por-mes-2016.csv,77c7f3f82707d4e3ad3a8d7b1a0133f506795b53ad9e959388ed8975b3a12823,3572.0,ok
ancine_condecine_arrecadacao,dados_financeiros,Valores Arrecadados Condecine por Mês 2016,Tabela e Gráfico,28/06/2019,2016,xlsx,https://www.gov.br/ancine/pt-br/oca/recursos-publicos/arquivos.xlsx/valores-condecine-por-mes-2016.xlsx,https://www.gov.br/ancine/pt-br/oca/publicacoes-2/dados-financeiros,2026-05-23,2,datasets/ancine-condecine-arrecadacao/snapshots/2026-05-23/valores-condecine-por-mes-2016.xlsx,5019b52c5a89c1ddeddbe5997c25c8c36a785645e8aa35ed1f2fc5edeb660530,12881.0,ok
ancine_condecine_arrecadacao,dados_financeiros,Valores Arrecadados Condecine por Mês 2016,Tabela e Gráfico,28/06/2019,2016,pdf,https://www.gov.br/ancine/pt-br/oca/recursos-publicos/arquivos.pdf/valores-condecine-por-mes-2016.pdf,https://www.gov.br/ancine/pt-br/oca/publicacoes-2/dados-financeiros,2026-05-23,3,datasets/ancine-condecine-arrecadacao/snapshots/2026-05-23/valores-condecine-por-mes-2016.pdf,efb68556badb6f14976bd88e6c07118f7a49558651e5bdabfd359a2a027cd011,95970.0,ok
ancine_condecine_arrecadacao,dados_financeiros,Valores Arrecadados Condecine por Mês 2017,Tabela e Gráfico,28/06/2019,2017,csv,https://www.gov.br/ancine/pt-br/oca/recursos-publicos/arquivos.csv/valores-condecine-por-mes-2017.csv,https://www.gov.br/ancine/pt-br/oca/publicacoes-2/dados-financeiros,2026-05-23,1,datasets/ancine-condecine-arrecadacao/snapshots/2026-05-23/valores-condecine-por-mes-2017.csv,863ecce93923b08b0431ca68a6528867452027c7c14f168fb06d0a91ebc5164b,3542.0,ok
ancine_condecine_arrecadacao,dados_financeiros,Valores Arrecadados Condecine por Mês 2017,Tabela e Gráfico,28/06/2019,2017,xlsx,https://www.gov.br/ancine/pt-br/oca/recursos-publicos/arquivos.xlsx/valores-condecine-por-mes-2017.xlsx,https://www.gov.br/ancine/pt-br/oca/publicacoes-2/dados-financeiros,2026-05-23,2,datasets/ancine-condecine-arrecadacao/snapshots/2026-05-23/valores-condecine-por-mes-2017.xlsx,634cfa05c8e2907baa743d7a59514488ee817ca4d6731d1ba923e7f126b1ccb6,12897.0,ok
ancine_condecine_arrecadacao,dados_financeiros,Valores Arrecadados Condecine por Mês 2017,Tabela e Gráfico,28/06/2019,2017,pdf,https://www.gov.br/ancine/pt-br/oca/recursos-publicos/arquivos.pdf/valores-condecine-por-mes-2017.pdf,https://www.gov.br/ancine/pt-br/oca/publicacoes-2/dados-financeiros,2026-05-23,3,datasets/ancine-condecine-arrecadacao/snapshots/2026-05-23/valores-condecine-por-mes-2017.pdf,7dbc0a10afb15e91e342ff738b308e7e640c30080b941a7a7e2381b36208030b,95946.0,ok
ancine_condecine_arrecadacao,dados_financeiros,Valores Arrecadados Condecine por Mês 2018,Tabela e Gráfico,28/06/2019,2018,csv,https://www.gov.br/ancine/pt-br/oca/recursos-publicos/arquivos.csv/valores-condecine-por-mes-2018.csv,https://www.gov.br/ancine/pt-br/oca/publicacoes-2/dados-financeiros,2026-05-23,1,datasets/ancine-condecine-arrecadacao/snapshots/2026-05-23/valores-condecine-por-mes-2018.csv,ad59e0742b0e32177fe1e75111ab0882e7a1d029de3137d288b3fcc578906bf3,3550.0,ok
ancine_condecine_arrecadacao,dados_financeiros,Valores Arrecadados Condecine por Mês 2018,Tabela e Gráfico,28/06/2019,2018,xlsx,https://www.gov.br/ancine/pt-br/oca/recursos-publicos/arquivos.xlsx/valores-condecine-por-mes-2018.xlsx,https://www.gov.br/ancine/pt-br/oca/publicacoes-2/dados-financeiros,2026-05-23,2,datasets/ancine-condecine-arrecadacao/snapshots/2026-05-23/valores-condecine-por-mes-2018.xlsx,735f87a758c5260be11f202514172de5e1025ebe75c4122e91c4dda920dce128,12909.0,ok
ancine_condecine_arrecadacao,dados_financeiros,Valores Arrecadados Condecine por Mês 2018,Tabela e Gráfico,28/06/2019,2018,pdf,https://www.gov.br/ancine/pt-br/oca/recursos-publicos/arquivos.pdf/valores-condecine-por-mes-2018.pdf,https://www.gov.br/ancine/pt-br/oca/publicacoes-2/dados-financeiros,2026-05-23,3,datasets/ancine-condecine-arrecadacao/snapshots/2026-05-23/valores-condecine-por-mes-2018.pdf,c4fe9d8794d3000228a0b0dce89c7bf19ad160a2a021df7f73176b5bfed5dbaa,95918.0,ok
ancine_condecine_arrecadacao,dados_financeiros,Valores Arrecadados Condecine por Mês 2019,Tabela e Gráfico,05/02/2020,2019,csv,https://www.gov.br/ancine/pt-br/oca/recursos-publicos/arquivos.csv/valores-condecine-por-mes-2019.csv,https://www.gov.br/ancine/pt-br/oca/publicacoes-2/dados-financeiros,2026-05-23,1,datasets/ancine-condecine-arrecadacao/snapshots/2026-05-23/valores-condecine-por-mes-2019.csv,a59a392d224fa22f75cdee64203ee3a8cd50dbc4057db2940f10c20a38b6ff8a,3639.0,ok
ancine_condecine_arrecadacao,dados_financeiros,Valores Arrecadados Condecine por Mês 2019,Tabela e Gráfico,05/02/2020,2019,xlsx,https://www.gov.br/ancine/pt-br/oca/recursos-publicos/arquivos.xlsx/valores-condecine-por-mes-2019.xlsx,https://www.gov.br/ancine/pt-br/oca/publicacoes-2/dados-financeiros,2026-05-23,2,datasets/ancine-condecine-arrecadacao/snapshots/2026-05-23/valores-condecine-por-mes-2019.xlsx,f6e7c6dc58559ed0ced6d7e0b6d67c78821a90a43789bd15cbe299d1fe458542,13162.0,ok
ancine_condecine_arrecadacao,dados_financeiros,Valores Arrecadados Condecine por Mês 2019,Tabela e Gráfico,05/02/2020,2019,pdf,https://www.gov.br/ancine/pt-br/oca/recursos-publicos/arquivos.pdf/valores-condecine-por-mes-2019.pdf,https://www.gov.br/ancine/pt-br/oca/publicacoes-2/dados-financeiros,2026-05-23,3,datasets/ancine-condecine-arrecadacao/snapshots/2026-05-23/valores-condecine-por-mes-2019.pdf,f05b762c816be44c848bcdfa2aae5559c56b13936bf7d6d591e0704f5afb49bf,96080.0,ok
ancine_condecine_arrecadacao,dados_financeiros,Valores Arrecadados Condecine por Mês 2020,Tabela e Gráfico,24/02/2021,2020,csv,https://www.gov.br/ancine/pt-br/oca/recursos-publicos/arquivos.csv/valores-condecine-por-mes-2020.csv,https://www.gov.br/ancine/pt-br/oca/publicacoes-2/dados-financeiros,2026-05-23,1,datasets/ancine-condecine-arrecadacao/snapshots/2026-05-23/valores-condecine-por-mes-2020.csv,993a55b53c0f5062c70517a02d60dda2160fd66d53de55cf4ed5e0b051dde337,3642.0,ok
ancine_condecine_arrecadacao,dados_financeiros,Valores Arrecadados Condecine por Mês 2020,Tabela e Gráfico,24/02/2021,2020,xlsx,https://www.gov.br/ancine/pt-br/oca/recursos-publicos/arquivos.xlsx/valores-condecine-por-mes-2020.xlsx,https://www.gov.br/ancine/pt-br/oca/publicacoes-2/dados-financeiros,2026-05-23,2,datasets/ancine-condecine-arrecadacao/snapshots/2026-05-23/valores-condecine-por-mes-2020.xlsx,a68244addb0b81d079ad6b432512baf7fd828d956c5cc65e237faf5f506162fe,13012.0,ok
ancine_condecine_arrecadacao,dados_financeiros,Valores Arrecadados Condecine por Mês 2020,Tabela e Gráfico,24/02/2021,2020,pdf,https://www.gov.br/ancine/pt-br/oca/recursos-publicos/arquivos.pdf/valores-condecine-por-mes-2020.pdf,https://www.gov.br/ancine/pt-br/oca/publicacoes-2/dados-financeiros,2026-05-23,3,datasets/ancine-condecine-arrecadacao/snapshots/2026-05-23/valores-condecine-por-mes-2020.pdf,e8aaacd5bb6621d5adc8d9674b0470b17d973ffa55e1d1fdf29bcc5670eb940f,74660.0,ok
ancine_condecine_arrecadacao,dados_financeiros,Valores Arrecadados Condecine por Mês 2021,Tabela e Gráfico,10/02/2022,2021,csv,https://www.gov.br/ancine/pt-br/oca/recursos-publicos/arquivos.csv/valores-condecine-por-mes-2021.csv,https://www.gov.br/ancine/pt-br/oca/publicacoes-2/dados-financeiros,2026-05-23,1,datasets/ancine-condecine-arrecadacao/snapshots/2026-05-23/valores-condecine-por-mes-2021.csv,03dccb6214b32740df09baa74ce76b222f54e59d1e8e6388f55a1752a25863bc,3693.0,ok
ancine_condecine_arrecadacao,dados_financeiros,Valores Arrecadados Condecine por Mês 2021,Tabela e Gráfico,10/02/2022,2021,xlsx,https://www.gov.br/ancine/pt-br/oca/recursos-publicos/arquivos.xlsx/valores-condecine-por-mes-2021.xlsx,https://www.gov.br/ancine/pt-br/oca/publicacoes-2/dados-financeiros,2026-05-23,2,datasets/ancine-condecine-arrecadacao/snapshots/2026-05-23/valores-condecine-por-mes-2021.xlsx,f32c4463cce7b0ba6443eec8d2e7eb592badefa8e36d4bc5641c1ea2d6f59862,13020.0,ok
ancine_condecine_arrecadacao,dados_financeiros,Valores Arrecadados Condecine por Mês 2021,Tabela e Gráfico,10/02/2022,2021,pdf,https://www.gov.br/ancine/pt-br/oca/recursos-publicos/arquivos.pdf/valores-condecine-por-mes-2021.pdf,https://www.gov.br/ancine/pt-br/oca/publicacoes-2/dados-financeiros,2026-05-23,3,datasets/ancine-condecine-arrecadacao/snapshots/2026-05-23/valores-condecine-por-mes-2021.pdf,6bd1471b6b161d4d5ce164beec012a5c0ba1716e0c38b77bb225d793bcffe9d9,74752.0,ok
ancine_condecine_arrecadacao,dados_financeiros,Valores Arrecadados Condecine por Mês 2022,Tabela e Gráfico,25/05/2023,2022,csv,https://www.gov.br/ancine/pt-br/oca/recursos-publicos/arquivos.csv/valores-condecine-por-mes-2022.csv,https://www.gov.br/ancine/pt-br/oca/publicacoes-2/dados-financeiros,2026-05-23,1,datasets/ancine-condecine-arrecadacao/snapshots/2026-05-23/valores-condecine-por-mes-2022.csv,fe57cad0b26e059408b764ab6c6339971bd361801be1e8d653dec523cf047577,4164.0,ok
ancine_condecine_arrecadacao,dados_financeiros,Valores Arrecadados Condecine por Mês 2022,Tabela e Gráfico,25/05/2023,2022,xlsx,https://www.gov.br/ancine/pt-br/oca/recursos-publicos/arquivos.xlsx/valores-condecine-por-mes-2022.xlsx,https://www.gov.br/ancine/pt-br/oca/publicacoes-2/dados-financeiros,2026-05-23,2,datasets/ancine-condecine-arrecadacao/snapshots/2026-05-23/valores-condecine-por-mes-2022.xlsx,f3d6c9750db11690c3ae25ccc081fc6f0eb62b18da7bc37b1b029de6f7441009,14031.0,ok
ancine_condecine_arrecadacao,dados_financeiros,Valores Arrecadados Condecine por Mês 2022,Tabela e Gráfico,25/05/2023,2022,pdf,https://www.gov.br/ancine/pt-br/oca/recursos-publicos/arquivos.pdf/valores-condecine-por-mes-2022.pdf,https://www.gov.br/ancine/pt-br/oca/publicacoes-2/dados-financeiros,2026-05-23,3,datasets/ancine-condecine-arrecadacao/snapshots/2026-05-23/valores-condecine-por-mes-2022.pdf,8d9893759b7a87ce11d507a1d18c3e136fab3030594325aa4db57c3e55436b1b,75751.0,ok
ancine_condecine_arrecadacao,dados_financeiros,Valores Arrecadados Condecine por Mês 2023,Tabela e Gráfico,16/01/2024,2023,csv,https://www.gov.br/ancine/pt-br/oca/recursos-publicos/arquivos.csv/valores-condecine-por-mes-2023.csv,https://www.gov.br/ancine/pt-br/oca/publicacoes-2/dados-financeiros,2026-05-23,1,datasets/ancine-condecine-arrecadacao/snapshots/2026-05-23/valores-condecine-por-mes-2023.csv,d3960f475b08955ed961258a679a5ef646b5925ff4c7a953e9afac2082d653e4,4006.0,ok
ancine_condecine_arrecadacao,dados_financeiros,Valores Arrecadados Condecine por Mês 2023,Tabela e Gráfico,16/01/2024,2023,xlsx,https://www.gov.br/ancine/pt-br/oca/recursos-publicos/arquivos.xlsx/valores-condecine-por-mes-2023.xlsx,https://www.gov.br/ancine/pt-br/oca/publicacoes-2/dados-financeiros,2026-05-23,2,datasets/ancine-condecine-arrecadacao/snapshots/2026-05-23/valores-condecine-por-mes-2023.xlsx,769383c4208ffc4043f8b08d1ec96b2e7e99d4439fedafdf468300b5e0a639ff,13765.0,ok
ancine_condecine_arrecadacao,dados_financeiros,Valores Arrecadados Condecine por Mês 2023,Tabela e Gráfico,16/01/2024,2023,pdf,https://www.gov.br/ancine/pt-br/oca/recursos-publicos/arquivos.pdf/valores-condecine-por-mes-2023.pdf,https://www.gov.br/ancine/pt-br/oca/publicacoes-2/dados-financeiros,2026-05-23,3,datasets/ancine-condecine-arrecadacao/snapshots/2026-05-23/valores-condecine-por-mes-2023.pdf,b5e8a27d0eb2cb57934ecc4f9ed69bc3e33addeb4391baa56ecd70ff4dae9a40,74538.0,ok
ancine_condecine_arrecadacao,dados_financeiros,Valores Arrecadados Condecine por Mês 2024,Tabela e Gráfico,17/01/2025,2024,csv,https://www.gov.br/ancine/pt-br/oca/recursos-publicos/arquivos.csv/valores-condecine-por-mes-2024.csv,https://www.gov.br/ancine/pt-br/oca/publicacoes-2/dados-financeiros,2026-05-23,1,datasets/ancine-condecine-arrecadacao/snapshots/2026-05-23/valores-condecine-por-mes-2024.csv,15a6d371a7b9b6dd38449e8ec423003d0834e195f42ba59ffc9496d254973a7e,4122.0,ok
ancine_condecine_arrecadacao,dados_financeiros,Valores Arrecadados Condecine por Mês 2024,Tabela e Gráfico,17/01/2025,2024,xlsx,https://www.gov.br/ancine/pt-br/oca/recursos-publicos/arquivos.xlsx/valores-condecine-por-mes-2024.xlsx,https://www.gov.br/ancine/pt-br/oca/publicacoes-2/dados-financeiros,2026-05-23,2,datasets/ancine-condecine-arrecadacao/snapshots/2026-05-23/valores-condecine-por-mes-2024.xlsx,8d56c6e13661e936c327cfcea7daede16e5d06709868fd09d7ab090568cdfa95,13804.0,ok
ancine_condecine_arrecadacao,dados_financeiros,Valores Arrecadados Condecine por Mês 2024,Tabela e Gráfico,17/01/2025,2024,pdf,https://www.gov.br/ancine/pt-br/oca/recursos-publicos/arquivos.pdf/valores-condecine-por-mes-2024.pdf,https://www.gov.br/ancine/pt-br/oca/publicacoes-2/dados-financeiros,2026-05-23,3,datasets/ancine-condecine-arrecadacao/snapshots/2026-05-23/valores-condecine-por-mes-2024.pdf,87997e65123106b6c781070e01d821c9b23ef6e8a70de57c6bbce80ca4e68ff6,74616.0,ok
ancine_condecine_arrecadacao,dados_financeiros,Valores Arrecadados Condecine por Mês 2025,Tabela e Gráfico,08/04/2026,2025,csv,https://www.gov.br/ancine/pt-br/oca/publicacoes/dados-financeiros/arquivos.csv/valores-condecine-por-mes-2025.csv,https://www.gov.br/ancine/pt-br/oca/publicacoes-2/dados-financeiros,2026-05-23,1,datasets/ancine-condecine-arrecadacao/snapshots/2026-05-23/valores-condecine-por-mes-2025.csv,3878f57951c5b4d9c8ee14ce6801904f097586d65dfa46afd75264f661405b3b,4089.0,ok
ancine_condecine_arrecadacao,dados_financeiros,Valores Arrecadados Condecine por Mês 2025,Tabela e Gráfico,08/04/2026,2025,xlsx,https://www.gov.br/ancine/pt-br/oca/publicacoes/dados-financeiros/arquivos.xlsx/valores-condecine-por-mes-2025.xlsx,https://www.gov.br/ancine/pt-br/oca/publicacoes-2/dados-financeiros,2026-05-23,2,datasets/ancine-condecine-arrecadacao/snapshots/2026-05-23/valores-condecine-por-mes-2025.xlsx,c59bbddf215590f7abe7a5e6423629b65e165826db4ea5c2f8448e3069378fce,13457.0,ok
ancine_condecine_arrecadacao,dados_financeiros,Valores Arrecadados Condecine por Mês 2025,Tabela e Gráfico,08/04/2026,2025,pdf,https://www.gov.br/ancine/pt-br/oca/publicacoes/dados-financeiros/arquivos.pdf/valores-condecine-por-mes-2025.pdf,https://www.gov.br/ancine/pt-br/oca/publicacoes-2/dados-financeiros,2026-05-23,3,datasets/ancine-condecine-arrecadacao/snapshots/2026-05-23/valores-condecine-por-mes-2025.pdf,aa3960b3d3624143920cc130da6ecb1c8d4ba401b0bfde6876040b9b1109ea33,73992.0,ok
ancine_diversidade_audiovisual,mercado_cinema,Diversidade de Gênero e Raça nos Longas-metragens Brasileiros Lançados em Salas de Exibição 2016,Informe,01/06/2018,2016,pdf,https://www.gov.br/ancine/pt-br/oca/publicacoes/arquivos.pdf/informe_diversidade_2016.pdf,https://www.gov.br/ancine/pt-br/oca/publicacoes-2/mercado-audiovisual-brasileiro/cinema,2026-05-23,3,datasets/ancine-diversidade-audiovisual/snapshots/2026-05-23/informe_diversidade_2016.pdf,ce859cbc6ca58de92c6b1191a5ee78653ce14af475a46d1a03846862c1956878,399114.0,ok
ancine_diversidade_audiovisual,outras_publicacoes,Estudo Gênero e Raça no Setor Audiovisual 2011 - 2021,Estudo,18/07/2023,2011 - 2021,pdf,https://www.gov.br/ancine/pt-br/oca/resolveuid/7e062995b4ed488fb68616ad39e3e81e,https://www.gov.br/ancine/pt-br/oca/publicacoes-2/outras-publicacoes,2026-05-23,3,datasets/ancine-diversidade-audiovisual/snapshots/2026-05-23/estudo-genero-e-raca-no-setor-audiovisual-2011-2021.pdf,35e8dd7c0f6f5a2af364aa87428d14eae148008fa04fea273345e00dc4689b5e,1615994.0,ok
ancine_diversidade_audiovisual,outras_publicacoes,Participação feminina na produção audiovisual brasileira 2015,Informe,30/03/2017,2015,pdf,https://www.gov.br/ancine/pt-br/oca/resolveuid/c261cc8eaf884b9aa52c6835022dd897,https://www.gov.br/ancine/pt-br/oca/publicacoes-2/outras-publicacoes,2026-05-23,3,datasets/ancine-diversidade-audiovisual/snapshots/2026-05-23/participacao-feminina-na-producao-audiovisual-brasileira-2015.pdf,3369575c9667cd5e2f333c09d38a56402ddab3a6372239be0e9683141ac7a4a0,1504398.0,ok
ancine_diversidade_audiovisual,outras_publicacoes,Participação feminina na produção audiovisual brasileira 2016,Informe,30/03/2017,2016,pdf,https://www.gov.br/ancine/pt-br/oca/resolveuid/68bc061cc96d471589dec172d41b12eb,https://www.gov.br/ancine/pt-br/oca/publicacoes-2/outras-publicacoes,2026-05-23,3,datasets/ancine-diversidade-audiovisual/snapshots/2026-05-23/participacao-feminina-na-producao-audiovisual-brasileira-2016.pdf,1d4591eebc75bd7adddcc75a67d9c15518ce1e9ee3bd20deb15b201b750a3dab,874662.0,ok
ancine_fomento_fluxos_financeiros,dados_financeiros,Listagem de Projetos Contemplados e Valores - Editais de Coprodução Internacional - 2005 a 2016,Tabela e Gráfico,28/08/2019,2005 - 2016,csv,https://www.gov.br/ancine/pt-br/oca/recursos-publicos/arquivos.csv/listagem-de-projetos-contemplados-e-valores-editais-de-coproducao-internacional-2005-a-2016.csv,https://www.gov.br/ancine/pt-br/oca/publicacoes-2/dados-financeiros,2026-05-23,1,datasets/ancine-fomento-fluxos-financeiros/snapshots/2026-05-23/listagem-de-projetos-contemplados-e-valores-editais-de-coproducao-internacional-2005-a-2016.csv,33d07006dc7ca2eb096f4f2a1b4d9f6eb49e5998997d92d8960d8fddcd9ffb24,16892.0,ok
ancine_fomento_fluxos_financeiros,dados_financeiros,Listagem de Projetos Contemplados e Valores - Editais de Coprodução Internacional - 2005 a 2016,Tabela e Gráfico,28/08/2019,2005 - 2016,xlsx,https://www.gov.br/ancine/pt-br/oca/recursos-publicos/arquivos.xlsx/listagem-de-projetos-contemplados-e-valores-editais-de-coproducao-internacional-2005-a-2016.xlsx,https://www.gov.br/ancine/pt-br/oca/publicacoes-2/dados-financeiros,2026-05-23,2,datasets/ancine-fomento-fluxos-financeiros/snapshots/2026-05-23/listagem-de-projetos-contemplados-e-valores-editais-de-coproducao-internacional-2005-a-2016.xlsx,94ccc45d5e9972a9926f4ab766d0c87124183e17e9e5a859c08ddca225f9dff2,1088428.0,ok
ancine_fomento_fluxos_financeiros,dados_financeiros,Listagem de Projetos Contemplados e Valores - Editais de Coprodução Internacional - 2005 a 2016,Tabela e Gráfico,28/08/2019,2005 - 2016,pdf,https://www.gov.br/ancine/pt-br/oca/recursos-publicos/arquivos.pdf/listagem-de-projetos-contemplados-e-valores-editais-de-coproducao-internacional-2005-a-2016.pdf,https://www.gov.br/ancine/pt-br/oca/publicacoes-2/dados-financeiros,2026-05-23,3,datasets/ancine-fomento-fluxos-financeiros/snapshots/2026-05-23/listagem-de-projetos-contemplados-e-valores-editais-de-coproducao-internacional-2005-a-2016.pdf,bd987a59cda6c50e4746edb8cb546e549a4c1b628cc021746619fb7f717e3f69,1460965.0,ok
ancine_fomento_fluxos_financeiros,dados_financeiros,Listagem de contemplados no Programa de apoio a participação de filmes brasileiros em festivais internacionais 2010 a 2019,Tabela e Gráfico,27/02/2020,2010 - 2019,csv,https://www.gov.br/ancine/pt-br/oca/recursos-publicos/arquivos.csv/listagem-de-contemplados-no-programa-de-apoio-a-participacao-de-filmes-brasileiros-em-festivais-internacionais-2010-a-2019.csv,https://www.gov.br/ancine/pt-br/oca/publicacoes-2/dados-financeiros,2026-05-23,1,datasets/ancine-fomento-fluxos-financeiros/snapshots/2026-05-23/listagem-de-contemplados-no-programa-de-apoio-a-participacao-de-filmes-brasileiros-em-festivais-internacionais-2010-a-2019.csv,47b9420cde581d70de8ea0b8938f6dd60412599de9b9e2eb0229cb82b328255e,243535.0,ok
ancine_fomento_fluxos_financeiros,dados_financeiros,Listagem de contemplados no Programa de apoio a participação de filmes brasileiros em festivais internacionais 2010 a 2019,Tabela e Gráfico,27/02/2020,2010 - 2019,xlsx,https://www.gov.br/ancine/pt-br/oca/recursos-publicos/arquivos.xlsx/listagem-de-contemplados-no-programa-de-apoio-a-participacao-de-filmes-brasileiros-em-festivais-internacionais-2010-a-2019.xlsx,https://www.gov.br/ancine/pt-br/oca/publicacoes-2/dados-financeiros,2026-05-23,2,datasets/ancine-fomento-fluxos-financeiros/snapshots/2026-05-23/listagem-de-contemplados-no-programa-de-apoio-a-participacao-de-filmes-brasileiros-em-festivais-internacionais-2010-a-2019.xlsx,cb70dc9763d878f990ca001d34afbf0fce433b4d61cf68e198a97ed02198ec91,1200281.0,ok
ancine_fomento_fluxos_financeiros,dados_financeiros,Listagem de contemplados no Programa de apoio a participação de filmes brasileiros em festivais internacionais 2010 a 2019,Tabela e Gráfico,27/02/2020,2010 - 2019,pdf,https://www.gov.br/ancine/pt-br/oca/recursos-publicos/arquivos.pdf/listagem-de-contemplados-no-programa-de-apoio-a-participacao-de-filmes-brasileiros-em-festivais-internacionais-2010-a-2019.pdf,https://www.gov.br/ancine/pt-br/oca/publicacoes-2/dados-financeiros,2026-05-23,3,datasets/ancine-fomento-fluxos-financeiros/snapshots/2026-05-23/listagem-de-contemplados-no-programa-de-apoio-a-participacao-de-filmes-brasileiros-em-festivais-internacionais-2010-a-2019.pdf,6a964ba3a279ed416e44a8d38749004f6af8ad8bd3c9516cda7720a2a0939365,19109418.0,ok
ancine_fomento_fluxos_financeiros,dados_financeiros,Listagem de projetos contemplados e valores – Programa Ibermedia 2004 a 2019,Tabela e Gráfico,27/02/2020,2004 - 2019,csv,https://www.gov.br/ancine/pt-br/oca/recursos-publicos/arquivos.csv/listagem-de-projetos-contemplados-e-valores-2013-programa-ibermedia-2004-a-2019.csv,https://www.gov.br/ancine/pt-br/oca/publicacoes-2/dados-financeiros,2026-05-23,1,datasets/ancine-fomento-fluxos-financeiros/snapshots/2026-05-23/listagem-de-projetos-contemplados-e-valores-2013-programa-ibermedia-2004-a-2019.csv,2e88d9e4930ba02fe42da6018a5dc15352501faddb80a903b587c1c1dac42570,30633.0,ok
ancine_fomento_fluxos_financeiros,dados_financeiros,Listagem de projetos contemplados e valores – Programa Ibermedia 2004 a 2019,Tabela e Gráfico,27/02/2020,2004 - 2019,xlsx,https://www.gov.br/ancine/pt-br/oca/recursos-publicos/arquivos.xlsx/listagem-de-projetos-contemplados-e-valores-2013-programa-ibermedia-2004-a-2019.xlsx,https://www.gov.br/ancine/pt-br/oca/publicacoes-2/dados-financeiros,2026-05-23,2,datasets/ancine-fomento-fluxos-financeiros/snapshots/2026-05-23/listagem-de-projetos-contemplados-e-valores-2013-programa-ibermedia-2004-a-2019.xlsx,921aec4417e338cf1da1e7d7b8278a09661ed2cda5c4c6135e66fc5b58b108c7,895912.0,ok
ancine_fomento_fluxos_financeiros,dados_financeiros,Listagem de projetos contemplados e valores – Programa Ibermedia 2004 a 2019,Tabela e Gráfico,27/02/2020,2004 - 2019,pdf,https://www.gov.br/ancine/pt-br/oca/recursos-publicos/arquivos.pdf/listagem-de-projetos-contemplados-e-valores-2013-programa-ibermedia-2004-a-2019.pdf,https://www.gov.br/ancine/pt-br/oca/publicacoes-2/dados-financeiros,2026-05-23,3,datasets/ancine-fomento-fluxos-financeiros/snapshots/2026-05-23/listagem-de-projetos-contemplados-e-valores-2013-programa-ibermedia-2004-a-2019.pdf,17018eadc4cdbbc7f6244e7bc21eceefe9f333f2d568229c4aff5d908c66c453,2580142.0,ok
ancine_fomento_fluxos_financeiros,dados_financeiros,Listagem de projetos selecionados no Prêmio Adicional de Renda (PAR) por valores investidos - Distribuição 2005 a 2013,Tabela e Gráfico,04/10/2016,2005 - 2013,xlsx,https://www.gov.br/ancine/pt-br/oca/recursos-publicos/arquivos.xlsx/listagem-de-projetos-selecionados-no-premio-adicional-de-renda-par-por-valores-investidos-distribuicao-2005-a-2013.xlsx,https://www.gov.br/ancine/pt-br/oca/publicacoes-2/dados-financeiros,2026-05-23,2,datasets/ancine-fomento-fluxos-financeiros/snapshots/2026-05-23/listagem-de-projetos-selecionados-no-premio-adicional-de-renda-par-por-valores-investidos-distribuicao-2005-a-2013.xlsx,8537d6f990f90f911e0dcc4907463f7eeaf6e53e947b4a0749516cd4b6cef949,1083492.0,ok
ancine_fomento_fluxos_financeiros,dados_financeiros,Listagem de projetos selecionados no Prêmio Adicional de Renda (PAR) por valores investidos - Distribuição 2005 a 2013,Tabela e Gráfico,04/10/2016,2005 - 2013,pdf,https://www.gov.br/ancine/pt-br/oca/recursos-publicos/arquivos.pdf/listagem-de-projetos-selecionados-no-premio-adicional-de-renda-par-por-valores-investidos-distribuicao-2005-a-2013.pdf,https://www.gov.br/ancine/pt-br/oca/publicacoes-2/dados-financeiros,2026-05-23,3,datasets/ancine-fomento-fluxos-financeiros/snapshots/2026-05-23/listagem-de-projetos-selecionados-no-premio-adicional-de-renda-par-por-valores-investidos-distribuicao-2005-a-2013.pdf,0b79aac94d033925f57eae0626f0a94d8689e1348fae67f483815e0953d2c8d3,1129501.0,ok
ancine_fomento_fluxos_financeiros,dados_financeiros,Listagem de projetos selecionados no Prêmio Adicional de Renda (PAR) por valores investidos - Produção 2005 a 2013,Tabela e Gráfico,04/10/2016,2005 - 2013,xlsx,https://www.gov.br/ancine/pt-br/oca/recursos-publicos/arquivos.xlsx/listagem-de-projetos-selecionados-no-premio-adicional-de-renda-par-por-valores-investidos-producao-2005-a-2013.xlsx,https://www.gov.br/ancine/pt-br/oca/publicacoes-2/dados-financeiros,2026-05-23,2,datasets/ancine-fomento-fluxos-financeiros/snapshots/2026-05-23/listagem-de-projetos-selecionados-no-premio-adicional-de-renda-par-por-valores-investidos-producao-2005-a-2013.xlsx,77dc1ab485f7850e107eaa50ae3b2bcd26a34581f42e794b9b102d936df57107,1090475.0,ok
ancine_fomento_fluxos_financeiros,dados_financeiros,Listagem de projetos selecionados no Prêmio Adicional de Renda (PAR) por valores investidos - Produção 2005 a 2013,Tabela e Gráfico,04/10/2016,2005 - 2013,pdf,https://www.gov.br/ancine/pt-br/oca/recursos-publicos/arquivos.pdf/listagem-de-projetos-selecionados-no-premio-adicional-de-renda-par-por-valores-investidos-producao-2005-a-2013.pdf,https://www.gov.br/ancine/pt-br/oca/publicacoes-2/dados-financeiros,2026-05-23,3,datasets/ancine-fomento-fluxos-financeiros/snapshots/2026-05-23/listagem-de-projetos-selecionados-no-premio-adicional-de-renda-par-por-valores-investidos-producao-2005-a-2013.pdf,a166593261407e83c7162c71844d93e0014f6d5ae134a4b780d47f3576aab0e8,1732051.0,ok
ancine_fomento_fluxos_financeiros,dados_financeiros,Listagem dos Filmes Lançados em Salas de Exibição com Valores Captados através de Mecanismos de Incentivo 1995 a 2022,Tabela e Gráfico,31/08/2023,1995 - 2022,csv,https://www.gov.br/ancine/pt-br/oca/recursos-publicos/arquivos.csv/listagem-filmes-brasileiros-lancados-com-valores-captados-1995-a-2022-serie-historica.csv,https://www.gov.br/ancine/pt-br/oca/publicacoes-2/dados-financeiros,2026-05-23,1,datasets/ancine-fomento-fluxos-financeiros/snapshots/2026-05-23/listagem-filmes-brasileiros-lancados-com-valores-captados-1995-a-2022-serie-historica.csv,80cc5eb59b8467412679764e3caca82ce451606d4117fc5188bfa61b614a666e,2833529.0,ok
ancine_fomento_fluxos_financeiros,dados_financeiros,Listagem dos Filmes Lançados em Salas de Exibição com Valores Captados através de Mecanismos de Incentivo 1995 a 2022,Tabela e Gráfico,31/08/2023,1995 - 2022,xlsx,https://www.gov.br/ancine/pt-br/oca/recursos-publicos/arquivos.xlsx/listagem-filmes-brasileiros-lancados-com-valores-captados-1995-a-2022-serie-historica.xlsx,https://www.gov.br/ancine/pt-br/oca/publicacoes-2/dados-financeiros,2026-05-23,2,datasets/ancine-fomento-fluxos-financeiros/snapshots/2026-05-23/listagem-filmes-brasileiros-lancados-com-valores-captados-1995-a-2022-serie-historica.xlsx,75c0ad1909d5a33e2e08d5d1e1362be57f46b8f81786bbc11e92f1ab4f8915ff,595074.0,ok
ancine_fomento_fluxos_financeiros,dados_financeiros,Listagem dos Filmes Lançados em Salas de Exibição com Valores Captados através de Mecanismos de Incentivo 1995 a 2022,Tabela e Gráfico,31/08/2023,1995 - 2022,pdf,https://www.gov.br/ancine/pt-br/oca/recursos-publicos/arquivos.pdf/listagem-filmes-brasileiros-lancados-com-valores-captados-1995-a-2022-serie-historica.pdf,https://www.gov.br/ancine/pt-br/oca/publicacoes-2/dados-financeiros,2026-05-23,3,datasets/ancine-fomento-fluxos-financeiros/snapshots/2026-05-23/listagem-filmes-brasileiros-lancados-com-valores-captados-1995-a-2022-serie-historica.pdf,6d7d5ec6a144e69fd2a1a3b1269e2cd08c207a0aa4487f8654ad47ef431e3077,2059017.0,ok
ancine_fomento_fluxos_financeiros,dados_financeiros,"Valores Aportados por Incentivador/Investidor - Lei 8.313/91, Lei 8.685/93, MP 2.228/01 - Em Reais (R$) - 2007 a 2019",Tabela e Gráfico,25/05/2020,2007 - 2019,xlsx,https://www.gov.br/ancine/pt-br/oca/publicacoes/arquivos.xlsx/valores-aportados-por-incentivador-investidor-lei-8-313-91-lei-8-685-93-mp-2-228-01-em-reais-r-2007-a-2019.xlsx,https://www.gov.br/ancine/pt-br/oca/publicacoes-2/dados-financeiros,2026-05-23,2,datasets/ancine-fomento-fluxos-financeiros/snapshots/2026-05-23/valores-aportados-por-incentivador-investidor-lei-8-313-91-lei-8-685-93-mp-2-228-01-em-reais-r-2007-a-2019.xlsx,74b5cde43af291f059b874e8c2563ce438932d5eed50522257347b9da69eacb5,192691.0,ok
ancine_fomento_fluxos_financeiros,dados_financeiros,"Valores Aportados por Incentivador/Investidor - Lei 8.313/91, Lei 8.685/93, MP 2.228/01 - Em Reais (R$) - 2007 a 2019",Tabela e Gráfico,25/05/2020,2007 - 2019,pdf,https://www.gov.br/ancine/pt-br/oca/publicacoes/arquivos.pdf/valores-aportados-por-incentivador-investidor-lei-8-313-91-lei-8-685-93-mp-2-228-01-em-reais-r-2007-a-2019.pdf,https://www.gov.br/ancine/pt-br/oca/publicacoes-2/dados-financeiros,2026-05-23,3,datasets/ancine-fomento-fluxos-financeiros/snapshots/2026-05-23/valores-aportados-por-incentivador-investidor-lei-8-313-91-lei-8-685-93-mp-2-228-01-em-reais-r-2007-a-2019.pdf,0d415947b3a8bd4011c1b99e6b0361d17191cd6540b565539b694b0ab9c6b59e,1427242.0,ok
ancine_fomento_fluxos_financeiros,dados_financeiros,Valores Captados por Projeto Incentivado - Em Reais (R$) - 2002 a Julho de 2020,Tabela e Gráfico,10/09/2020,2002 - 2020,csv,https://www.gov.br/ancine/pt-br/oca/recursos-publicos/arquivos.csv/valores-captados-por-projeto-incentivado-em-reais-r-2002-a-julho-de-2020.csv,https://www.gov.br/ancine/pt-br/oca/publicacoes-2/dados-financeiros,2026-05-23,1,datasets/ancine-fomento-fluxos-financeiros/snapshots/2026-05-23/valores-captados-por-projeto-incentivado-em-reais-r-2002-a-julho-de-2020.csv,8bde29c0f2c9b48e77832be64e39fa460508f77a41e561085cffb4af9941912b,813311.0,ok
ancine_fomento_fluxos_financeiros,dados_financeiros,Valores Captados por Projeto Incentivado - Em Reais (R$) - 2002 a Julho de 2020,Tabela e Gráfico,10/09/2020,2002 - 2020,xlsx,https://www.gov.br/ancine/pt-br/oca/recursos-publicos/arquivos.xlsx/valores-captados-por-projeto-incentivado-em-reais-r-2002-a-julho-de-2020.xlsx,https://www.gov.br/ancine/pt-br/oca/publicacoes-2/dados-financeiros,2026-05-23,2,datasets/ancine-fomento-fluxos-financeiros/snapshots/2026-05-23/valores-captados-por-projeto-incentivado-em-reais-r-2002-a-julho-de-2020.xlsx,7d7300d8937c6faa333b645525e9aa1bf03668ded20be1890ddbc4764eb5391c,717300.0,ok
ancine_fomento_fluxos_financeiros,dados_financeiros,Valores Captados por Projeto Incentivado - Em Reais (R$) - 2002 a Julho de 2020,Tabela e Gráfico,10/09/2020,2002 - 2020,pdf,https://www.gov.br/ancine/pt-br/oca/recursos-publicos/arquivos.pdf/valores-captados-por-projeto-incentivado-em-reais-r-2002-a-julho-de-2020.pdf,https://www.gov.br/ancine/pt-br/oca/publicacoes-2/dados-financeiros,2026-05-23,3,datasets/ancine-fomento-fluxos-financeiros/snapshots/2026-05-23/valores-captados-por-projeto-incentivado-em-reais-r-2002-a-julho-de-2020.pdf,9e73e8bbfee2e51d26230ba85df849ead7d5733b4a619b2381bb8574a3080a26,52971136.0,ok
ancine_fomento_fluxos_financeiros,dados_financeiros,Valores Captados por Projeto Incentivado e por Investidor - Em Reais (R$) - 2007 a 2019,Tabela e Gráfico,25/05/2020,2007 - 2019,xlsx,https://www.gov.br/ancine/pt-br/oca/recursos-publicos/arquivos.xlsx/valores-captados-por-projeto-incentivado-e-por-investidor-em-reais-r-2007-a-2019.xlsx,https://www.gov.br/ancine/pt-br/oca/publicacoes-2/dados-financeiros,2026-05-23,2,datasets/ancine-fomento-fluxos-financeiros/snapshots/2026-05-23/valores-captados-por-projeto-incentivado-e-por-investidor-em-reais-r-2007-a-2019.xlsx,a40ffeb4846d9a511a7783d0bfc0cce72bab8e20ee080df62d00bf4f72118ef1,1860137.0,ok
ancine_fomento_fluxos_financeiros,dados_financeiros,Valores Execução Fundo Setorial do Audiovisual - Em Reais (R$) - 2007 a 2019,Tabela e Gráfico,09/06/2020,2007 - 2019,xlsx,https://www.gov.br/ancine/pt-br/oca/recursos-publicos/arquivos.xlsx/valores-execucao-fundo-setorial-do-audiovisual-em-reais-r-2007-a-2019.xlsx,https://www.gov.br/ancine/pt-br/oca/publicacoes-2/dados-financeiros,2026-05-23,2,datasets/ancine-fomento-fluxos-financeiros/snapshots/2026-05-23/valores-execucao-fundo-setorial-do-audiovisual-em-reais-r-2007-a-2019.xlsx,da408acb33abf40b0c5b806a3f17560ca1dca539e757e9d9bd80897c2ea73dbb,16022.0,ok
ancine_fomento_fluxos_financeiros,dados_financeiros,Valores Execução Fundo Setorial do Audiovisual - Em Reais (R$) - 2007 a 2019,Tabela e Gráfico,09/06/2020,2007 - 2019,pdf,https://www.gov.br/ancine/pt-br/oca/recursos-publicos/arquivos.pdf/valores-execucao-fundo-setorial-do-audiovisual-em-reais-r-2007-a-2019.pdf,https://www.gov.br/ancine/pt-br/oca/publicacoes-2/dados-financeiros,2026-05-23,3,datasets/ancine-fomento-fluxos-financeiros/snapshots/2026-05-23/valores-execucao-fundo-setorial-do-audiovisual-em-reais-r-2007-a-2019.pdf,ba71b58c404e3b8ede48220cffc48459c922597acab3e8ac353e204f8193337e,180400.0,ok
ancine_fomento_fluxos_financeiros,dados_financeiros,Valores Liberados por Mecanismo de Incentivo - Em Reais (R$) - 2015 a 2019,Tabela e Gráfico,03/06/2020,2015 - 2019,xlsx,https://www.gov.br/ancine/pt-br/oca/recursos-publicos/arquivos.xlsx/valores-liberados-por-mecanismo-de-incentivo-em-reais-r-2015-a-2019.xlsx,https://www.gov.br/ancine/pt-br/oca/publicacoes-2/dados-financeiros,2026-05-23,2,datasets/ancine-fomento-fluxos-financeiros/snapshots/2026-05-23/valores-liberados-por-mecanismo-de-incentivo-em-reais-r-2015-a-2019.xlsx,d575a2fcebe880a85bc080fd021002acb77ade48c93370fe2afbb10107b318aa,13652.0,ok
ancine_fomento_fluxos_financeiros,dados_financeiros,Valores Liberados por Mecanismo de Incentivo - Em Reais (R$) - 2015 a 2019,Tabela e Gráfico,03/06/2020,2015 - 2019,pdf,https://www.gov.br/ancine/pt-br/oca/recursos-publicos/arquivos.pdf/valores-liberados-por-mecanismo-de-incentivo-em-reais-r-2015-a-2019.pdf,https://www.gov.br/ancine/pt-br/oca/publicacoes-2/dados-financeiros,2026-05-23,3,datasets/ancine-fomento-fluxos-financeiros/snapshots/2026-05-23/valores-liberados-por-mecanismo-de-incentivo-em-reais-r-2015-a-2019.pdf,bd460c67307df29652283e310fdeea04a78015a1a50e0e4df083b57ccd94a44e,120650.0,ok
ancine_fomento_fluxos_financeiros,dados_financeiros,Valores Recolhidos - Art. 39 da MP 2.228-1/01 2003 a 2017,Tabela e Gráfico,04/06/2018,2003 - 2017,csv,https://www.gov.br/ancine/pt-br/oca/recursos-publicos/arquivos.csv/valores-recolhidos-art-39-da-mp-2-228-1-01-2003-a-2017.csv,https://www.gov.br/ancine/pt-br/oca/publicacoes-2/dados-financeiros,2026-05-23,1,datasets/ancine-fomento-fluxos-financeiros/snapshots/2026-05-23/valores-recolhidos-art-39-da-mp-2-228-1-01-2003-a-2017.csv,34ab89eaacf6b6b5966b0928b26276634800e24387283b5aca9608b1f4eb9fa0,5090.0,ok
ancine_fomento_fluxos_financeiros,dados_financeiros,Valores Recolhidos - Art. 39 da MP 2.228-1/01 2003 a 2017,Tabela e Gráfico,04/06/2018,2003 - 2017,xlsx,https://www.gov.br/ancine/pt-br/oca/recursos-publicos/arquivos.xlsx/valores-recolhidos-art-39-da-mp-2-228-1-01-2003-a-2017.xlsx,https://www.gov.br/ancine/pt-br/oca/publicacoes-2/dados-financeiros,2026-05-23,2,datasets/ancine-fomento-fluxos-financeiros/snapshots/2026-05-23/valores-recolhidos-art-39-da-mp-2-228-1-01-2003-a-2017.xlsx,15c707433462a4a6d3d5e4094448a237a5fe9ff413fc30f50c92fbd44e1797dd,1080371.0,ok
ancine_fomento_fluxos_financeiros,dados_financeiros,Valores Recolhidos - Art. 39 da MP 2.228-1/01 2003 a 2017,Tabela e Gráfico,04/06/2018,2003 - 2017,pdf,https://www.gov.br/ancine/pt-br/oca/recursos-publicos/arquivos.pdf/valores-recolhidos-art-39-da-mp-2-228-1-01-2003-a-2017.pdf,https://www.gov.br/ancine/pt-br/oca/publicacoes-2/dados-financeiros,2026-05-23,3,datasets/ancine-fomento-fluxos-financeiros/snapshots/2026-05-23/valores-recolhidos-art-39-da-mp-2-228-1-01-2003-a-2017.pdf,2a7338163db4e69105141298fc765f954481b53e4e2efd91657286001580ec66,406333.0,ok
ancine_fomento_fluxos_financeiros,dados_financeiros,Valores Recolhidos - Art. 3° da Lei 8.685/93 2002 a 2017,Tabela e Gráfico,04/06/2018,2002 - 2017,csv,https://www.gov.br/ancine/pt-br/oca/recursos-publicos/arquivos.csv/valores-recolhidos-art-3deg-da-lei-8-685-93-2002-a-2017.csv,https://www.gov.br/ancine/pt-br/oca/publicacoes-2/dados-financeiros,2026-05-23,1,datasets/ancine-fomento-fluxos-financeiros/snapshots/2026-05-23/valores-recolhidos-art-3deg-da-lei-8-685-93-2002-a-2017.csv,2c0ed04ddeea483fc66e193a940254a08466ab3a47c70d8e70f5dd031e6be0ad,5402.0,ok
ancine_fomento_fluxos_financeiros,dados_financeiros,Valores Recolhidos - Art. 3° da Lei 8.685/93 2002 a 2017,Tabela e Gráfico,04/06/2018,2002 - 2017,xlsx,https://www.gov.br/ancine/pt-br/oca/recursos-publicos/arquivos.xlsx/valores-recolhidos-art-3deg-da-lei-8-685-93-2002-a-2017.xlsx,https://www.gov.br/ancine/pt-br/oca/publicacoes-2/dados-financeiros,2026-05-23,2,datasets/ancine-fomento-fluxos-financeiros/snapshots/2026-05-23/valores-recolhidos-art-3deg-da-lei-8-685-93-2002-a-2017.xlsx,0dfda4e495f766d89e69c411722c8ae5216c36de981c629a821d163a63b20f80,1080009.0,ok
ancine_fomento_fluxos_financeiros,dados_financeiros,Valores Recolhidos - Art. 3° da Lei 8.685/93 2002 a 2017,Tabela e Gráfico,04/06/2018,2002 - 2017,pdf,https://www.gov.br/ancine/pt-br/oca/recursos-publicos/arquivos.pdf/valores-recolhidos-art-3deg-da-lei-8-685-93-2002-a-2017.pdf,https://www.gov.br/ancine/pt-br/oca/publicacoes-2/dados-financeiros,2026-05-23,3,datasets/ancine-fomento-fluxos-financeiros/snapshots/2026-05-23/valores-recolhidos-art-3deg-da-lei-8-685-93-2002-a-2017.pdf,e5ec49a232e2b06ef258263b1d7d6ef8118a3555640b5de615fc2071142c88ea,425224.0,ok
ancine_fomento_fluxos_financeiros,dados_financeiros,Valores Recolhidos - Art. 3°A da Lei 8.685/93 2009 a 2017,Tabela e Gráfico,04/06/2018,2009 - 2017,csv,https://www.gov.br/ancine/pt-br/oca/recursos-publicos/arquivos.csv/valores-recolhidos-art-3dega-da-lei-8-685-93-2009-a-2017.csv,https://www.gov.br/ancine/pt-br/oca/publicacoes-2/dados-financeiros,2026-05-23,1,datasets/ancine-fomento-fluxos-financeiros/snapshots/2026-05-23/valores-recolhidos-art-3dega-da-lei-8-685-93-2009-a-2017.csv,9ac87c3ca39e8e9f58dcc7a484e65a0aa95cdec24d99c2fa5b053194c08bf006,3500.0,ok
ancine_fomento_fluxos_financeiros,dados_financeiros,Valores Recolhidos - Art. 3°A da Lei 8.685/93 2009 a 2017,Tabela e Gráfico,04/06/2018,2009 - 2017,xlsx,https://www.gov.br/ancine/pt-br/oca/recursos-publicos/arquivos.xlsx/valores-recolhidos-art-3dega-da-lei-8-685-93-2009-a-2017.xlsx,https://www.gov.br/ancine/pt-br/oca/publicacoes-2/dados-financeiros,2026-05-23,2,datasets/ancine-fomento-fluxos-financeiros/snapshots/2026-05-23/valores-recolhidos-art-3dega-da-lei-8-685-93-2009-a-2017.xlsx,b90bd2ccf9c79cda22b34c8fc92693112bcb8510dd781c92c71139e61ff42920,1078308.0,ok
ancine_fomento_fluxos_financeiros,dados_financeiros,Valores Recolhidos - Art. 3°A da Lei 8.685/93 2009 a 2017,Tabela e Gráfico,04/06/2018,2009 - 2017,pdf,https://www.gov.br/ancine/pt-br/oca/recursos-publicos/arquivos.pdf/valores-recolhidos-art-3dega-da-lei-8-685-93-2009-a-2017.pdf,https://www.gov.br/ancine/pt-br/oca/publicacoes-2/dados-financeiros,2026-05-23,3,datasets/ancine-fomento-fluxos-financeiros/snapshots/2026-05-23/valores-recolhidos-art-3dega-da-lei-8-685-93-2009-a-2017.pdf,dab39b9f4d9e4d6b8c88086788ae0019b4065e3a928ad950e5674253bac9b24e,335618.0,ok
ancine_fomento_fluxos_financeiros,dados_financeiros,Valores Recolhidos Por Mecanismo de Incentivo e Respectivos Créditos/Remessas para o Exterior 2002 a 2017,Tabela e Gráfico,04/06/2018,2002 - 2017,csv,https://www.gov.br/ancine/pt-br/oca/recursos-publicos/arquivos.csv/valores-recolhidos-por-mecanismo-de-incentivo-e-respectivos-creditos-remessas-para-o-exterior-2002-a-2017.csv,https://www.gov.br/ancine/pt-br/oca/publicacoes-2/dados-financeiros,2026-05-23,1,datasets/ancine-fomento-fluxos-financeiros/snapshots/2026-05-23/valores-recolhidos-por-mecanismo-de-incentivo-e-respectivos-creditos-remessas-para-o-exterior-2002-a-2017.csv,7ab4dce13fd4795112f31cdfbe275a0f37de82fdd45962978beb01eacb3d4d6d,4817.0,ok
ancine_fomento_fluxos_financeiros,dados_financeiros,Valores Recolhidos Por Mecanismo de Incentivo e Respectivos Créditos/Remessas para o Exterior 2002 a 2017,Tabela e Gráfico,04/06/2018,2002 - 2017,xlsx,https://www.gov.br/ancine/pt-br/oca/recursos-publicos/arquivos.xlsx/valores-recolhidos-por-mecanismo-de-incentivo-e-respectivos-creditos-remessas-para-o-exterior-2002-a-2017.xlsx,https://www.gov.br/ancine/pt-br/oca/publicacoes-2/dados-financeiros,2026-05-23,2,datasets/ancine-fomento-fluxos-financeiros/snapshots/2026-05-23/valores-recolhidos-por-mecanismo-de-incentivo-e-respectivos-creditos-remessas-para-o-exterior-2002-a-2017.xlsx,8fcdd2d9eeea7d1495b2af20fdc37fd9dad81441f76f61ef3e911dca245d2456,1079643.0,ok
ancine_fomento_fluxos_financeiros,dados_financeiros,Valores Recolhidos Por Mecanismo de Incentivo e Respectivos Créditos/Remessas para o Exterior 2002 a 2017,Tabela e Gráfico,04/06/2018,2002 - 2017,pdf,https://www.gov.br/ancine/pt-br/oca/recursos-publicos/arquivos.pdf/valores-recolhidos-por-mecanismo-de-incentivo-e-respectivos-creditos-remessas-para-o-exterior-2002-a-2017.pdf,https://www.gov.br/ancine/pt-br/oca/publicacoes-2/dados-financeiros,2026-05-23,3,datasets/ancine-fomento-fluxos-financeiros/snapshots/2026-05-23/valores-recolhidos-por-mecanismo-de-incentivo-e-respectivos-creditos-remessas-para-o-exterior-2002-a-2017.pdf,606a69411f1109b9acbfc82314c1c3cf781860ecac80781aacd52573eb7c40ec,346813.0,ok
ancine_fomento_fluxos_financeiros,dados_financeiros,Valores Recolhidos por Distribuidora - Art. 3° da Lei 8.685/93 2002 a 2017,Tabela e Gráfico,04/06/2018,2002 - 2017,csv,https://www.gov.br/ancine/pt-br/oca/recursos-publicos/arquivos.csv/valores-recolhidos-por-distribuidora-art-3deg-da-lei-8-685-93-2002-a-2017.csv,https://www.gov.br/ancine/pt-br/oca/publicacoes-2/dados-financeiros,2026-05-23,1,datasets/ancine-fomento-fluxos-financeiros/snapshots/2026-05-23/valores-recolhidos-por-distribuidora-art-3deg-da-lei-8-685-93-2002-a-2017.csv,09c19235b5a889ee20c9c3a15b4c06517b1effab956f36f4dd4fdbd7ea30931a,64154.0,ok
ancine_fomento_fluxos_financeiros,dados_financeiros,Valores Recolhidos por Distribuidora - Art. 3° da Lei 8.685/93 2002 a 2017,Tabela e Gráfico,04/06/2018,2002 - 2017,xlsx,https://www.gov.br/ancine/pt-br/oca/recursos-publicos/arquivos.xlsx/valores-recolhidos-por-distribuidora-art-3deg-da-lei-8-685-93-2002-a-2017.xlsx,https://www.gov.br/ancine/pt-br/oca/publicacoes-2/dados-financeiros,2026-05-23,2,datasets/ancine-fomento-fluxos-financeiros/snapshots/2026-05-23/valores-recolhidos-por-distribuidora-art-3deg-da-lei-8-685-93-2002-a-2017.xlsx,a5c1d68cc170a59f251931d2d1e93680ecf5a995e88eeb92d2b3de48b047cc01,1102146.0,ok
ancine_fomento_fluxos_financeiros,dados_financeiros,Valores Recolhidos por Distribuidora - Art. 3° da Lei 8.685/93 2002 a 2017,Tabela e Gráfico,04/06/2018,2002 - 2017,pdf,https://www.gov.br/ancine/pt-br/oca/recursos-publicos/arquivos.pdf/valores-recolhidos-por-distribuidora-art-3deg-da-lei-8-685-93-2002-a-2017.pdf,https://www.gov.br/ancine/pt-br/oca/publicacoes-2/dados-financeiros,2026-05-23,3,datasets/ancine-fomento-fluxos-financeiros/snapshots/2026-05-23/valores-recolhidos-por-distribuidora-art-3deg-da-lei-8-685-93-2002-a-2017.pdf,db4946d5e6a52a4991225838d3583673561cadb0d0fc3329d51f197762313991,4495407.0,ok
ancine_fomento_fluxos_financeiros,dados_financeiros,Valores Recolhidos por Empresa - Art. 3°A da Lei 8.685/93 2009 a 2017,Tabela e Gráfico,04/06/2018,2009 - 2017,csv,https://www.gov.br/ancine/pt-br/oca/recursos-publicos/arquivos.csv/valores-recolhidos-por-empresa-art-3dega-da-lei-8-685-93-2009-a-2017.csv,https://www.gov.br/ancine/pt-br/oca/publicacoes-2/dados-financeiros,2026-05-23,1,datasets/ancine-fomento-fluxos-financeiros/snapshots/2026-05-23/valores-recolhidos-por-empresa-art-3dega-da-lei-8-685-93-2009-a-2017.csv,dc3dd05c83c3ba86b40903b17c89ff149654e23340a279a00ec43b78811670fd,70666.0,ok
ancine_fomento_fluxos_financeiros,dados_financeiros,Valores Recolhidos por Empresa - Art. 3°A da Lei 8.685/93 2009 a 2017,Tabela e Gráfico,04/06/2018,2009 - 2017,xlsx,https://www.gov.br/ancine/pt-br/oca/recursos-publicos/arquivos.xlsx/valores-recolhidos-por-empresa-art-3dega-da-lei-8-685-93-2009-a-2017.xlsx,https://www.gov.br/ancine/pt-br/oca/publicacoes-2/dados-financeiros,2026-05-23,2,datasets/ancine-fomento-fluxos-financeiros/snapshots/2026-05-23/valores-recolhidos-por-empresa-art-3dega-da-lei-8-685-93-2009-a-2017.xlsx,61a0ec167f15989f784e32562a23e3148f01bf7b73128feb08623175c708cd84,1105494.0,ok
ancine_fomento_fluxos_financeiros,dados_financeiros,Valores Recolhidos por Empresa - Art. 3°A da Lei 8.685/93 2009 a 2017,Tabela e Gráfico,04/06/2018,2009 - 2017,pdf,https://www.gov.br/ancine/pt-br/oca/recursos-publicos/arquivos.pdf/valores-recolhidos-por-empresa-art-3dega-da-lei-8-685-93-2009-a-2017.pdf,https://www.gov.br/ancine/pt-br/oca/publicacoes-2/dados-financeiros,2026-05-23,3,datasets/ancine-fomento-fluxos-financeiros/snapshots/2026-05-23/valores-recolhidos-por-empresa-art-3dega-da-lei-8-685-93-2009-a-2017.pdf,ef9bc3272612f4afa61d17750ad1447743683afcb11aeb137c762a5a2a74f04e,5027195.0,ok
ancine_fomento_fluxos_financeiros,dados_financeiros,Valores Recolhidos por Programadora - Art. 39 da MP 2.228-1/01 2003 a 2017,Tabela e Gráfico,04/06/2018,2003 - 2017,csv,https://www.gov.br/ancine/pt-br/oca/recursos-publicos/arquivos.csv/valores-recolhidos-por-programadora-art-39-da-mp-2-228-1-01-2003-a-2017.csv,https://www.gov.br/ancine/pt-br/oca/publicacoes-2/dados-financeiros,2026-05-23,1,datasets/ancine-fomento-fluxos-financeiros/snapshots/2026-05-23/valores-recolhidos-por-programadora-art-39-da-mp-2-228-1-01-2003-a-2017.csv,fc495b74c251c462c2909744652aa858b9a3c4b1299a7b428549bf80966d5344,17103.0,ok
ancine_fomento_fluxos_financeiros,dados_financeiros,Valores Recolhidos por Programadora - Art. 39 da MP 2.228-1/01 2003 a 2017,Tabela e Gráfico,04/06/2018,2003 - 2017,xlsx,https://www.gov.br/ancine/pt-br/oca/recursos-publicos/arquivos.xlsx/valores-recolhidos-por-programadora-art-39-da-mp-2-228-1-01-2003-a-2017.xlsx,https://www.gov.br/ancine/pt-br/oca/publicacoes-2/dados-financeiros,2026-05-23,2,datasets/ancine-fomento-fluxos-financeiros/snapshots/2026-05-23/valores-recolhidos-por-programadora-art-39-da-mp-2-228-1-01-2003-a-2017.xlsx,eeee7295d8d1ba362ab7b1972aeed5a42ad62abd21ae398e13c9b1497c0c99b7,1088447.0,ok
ancine_fomento_fluxos_financeiros,dados_financeiros,Valores Recolhidos por Programadora - Art. 39 da MP 2.228-1/01 2003 a 2017,Tabela e Gráfico,04/06/2018,2003 - 2017,pdf,https://www.gov.br/ancine/pt-br/oca/recursos-publicos/arquivos.pdf/valores-recolhidos-por-programadora-art-39-da-mp-2-228-1-01-2003-a-2017.pdf,https://www.gov.br/ancine/pt-br/oca/publicacoes-2/dados-financeiros,2026-05-23,3,datasets/ancine-fomento-fluxos-financeiros/snapshots/2026-05-23/valores-recolhidos-por-programadora-art-39-da-mp-2-228-1-01-2003-a-2017.pdf,241f7278aec71a2af7795bdf6447c4d1b247b10f2b6c9129ecf1bee7a5a8b0a9,1294161.0,ok
ancine_fomento_fluxos_financeiros,dados_financeiros,Valores Totais Captados por Mecanismo de Incentivo 2006 a 2024,Tabela e Gráfico,17/01/2025,2006 - 2024,csv,https://www.gov.br/ancine/pt-br/oca/publicacoes/dados-financeiros/arquivos.csv/valores-totais-captados-por-mecanismo-de-incentivo-2006-a-2024r.csv,https://www.gov.br/ancine/pt-br/oca/publicacoes-2/dados-financeiros,2026-05-23,1,datasets/ancine-fomento-fluxos-financeiros/snapshots/2026-05-23/valores-totais-captados-por-mecanismo-de-incentivo-2006-a-2024r.csv,4481abbd19ace04a366f849b358b8dc837edaa8596773b4dff3f50efe759a7ed,39718.0,ok
ancine_fomento_fluxos_financeiros,dados_financeiros,Valores Totais Captados por Mecanismo de Incentivo 2006 a 2024,Tabela e Gráfico,17/01/2025,2006 - 2024,xlsx,https://www.gov.br/ancine/pt-br/oca/publicacoes/dados-financeiros/arquivos.xlsx/valores-totais-captados-por-mecanismo-de-incentivo-2006-a-2024r.xlsx,https://www.gov.br/ancine/pt-br/oca/publicacoes-2/dados-financeiros,2026-05-23,2,datasets/ancine-fomento-fluxos-financeiros/snapshots/2026-05-23/valores-totais-captados-por-mecanismo-de-incentivo-2006-a-2024r.xlsx,9a87443a7ca6b3701d2785db98349d3589d9fb9d32ea01fa6c22dc97c6a63e70,48460.0,ok
ancine_fomento_fluxos_financeiros,dados_financeiros,Valores Totais Captados por Mecanismo de Incentivo 2006 a 2024,Tabela e Gráfico,17/01/2025,2006 - 2024,pdf,https://www.gov.br/ancine/pt-br/oca/publicacoes/dados-financeiros/arquivos.pdf/valores-totais-captados-por-mecanismo-de-incentivo-2006-a-2024r.pdf,https://www.gov.br/ancine/pt-br/oca/publicacoes-2/dados-financeiros,2026-05-23,3,datasets/ancine-fomento-fluxos-financeiros/snapshots/2026-05-23/valores-totais-captados-por-mecanismo-de-incentivo-2006-a-2024r.pdf,36ad417c3d756e09a7ba1757bd06268f7b27eab1d17eb728d7c425c827742384,155107.0,ok
ancine_fomento_fluxos_financeiros,dados_financeiros,"Valores totais de Editais, Programas e Prêmios 2003 a 2020",Tabela e Gráfico,06/04/2021,2003 - 2020,csv,https://www.gov.br/ancine/pt-br/oca/recursos-publicos/arquivos.csv/valores-totais-de-editais-programas-e-premios-2003-a-2020.csv,https://www.gov.br/ancine/pt-br/oca/publicacoes-2/dados-financeiros,2026-05-23,1,datasets/ancine-fomento-fluxos-financeiros/snapshots/2026-05-23/valores-totais-de-editais-programas-e-premios-2003-a-2020.csv,23960df317851e1285faaf99f70806fdb20eaa55aea7e3a486abd1b88d107b19,6219.0,ok
ancine_fomento_fluxos_financeiros,dados_financeiros,"Valores totais de Editais, Programas e Prêmios 2003 a 2020",Tabela e Gráfico,06/04/2021,2003 - 2020,xlsx,https://www.gov.br/ancine/pt-br/oca/recursos-publicos/arquivos.xlsx/valores-totais-de-editais-programas-e-premios-2003-a-2020.xlsx,https://www.gov.br/ancine/pt-br/oca/publicacoes-2/dados-financeiros,2026-05-23,2,datasets/ancine-fomento-fluxos-financeiros/snapshots/2026-05-23/valores-totais-de-editais-programas-e-premios-2003-a-2020.xlsx,f089233d8f275f926d922eff48ae436bd5b43ecf8d7f09785678406808d3be62,880659.0,ok
ancine_fomento_fluxos_financeiros,dados_financeiros,"Valores totais de Editais, Programas e Prêmios 2003 a 2020",Tabela e Gráfico,06/04/2021,2003 - 2020,pdf,https://www.gov.br/ancine/pt-br/oca/recursos-publicos/arquivos.pdf/valores-totais-de-editais-programas-e-premios-2003-a-2020.pdf,https://www.gov.br/ancine/pt-br/oca/publicacoes-2/dados-financeiros,2026-05-23,3,datasets/ancine-fomento-fluxos-financeiros/snapshots/2026-05-23/valores-totais-de-editais-programas-e-premios-2003-a-2020.pdf,cea9563ecaf0cd9a2567b48b9fa443f8b6a0a7573bd1b6d1e8707510fca1488a,581533.0,ok
br_comercio_exterior_servicos_audiovisuais,outras_publicacoes,Brasil - Comércio Exterior de Serviços Audiovisuais 2016,Estudo,07/10/2016,2015,pdf,https://www.gov.br/ancine/pt-br/oca/resolveuid/b1bdf0fcbc8d4c5db794373f934cce0a,https://www.gov.br/ancine/pt-br/oca/publicacoes-2/outras-publicacoes,2026-05-23,3,datasets/br-comercio-exterior-servicos-audiovisuais/snapshots/2026-05-23/brasil-comercio-exterior-de-servicos-audiovisuais-2016.pdf,d493af1931bc3e00ed547ad326f0c96a0662cd4f932e58c7ce3b3b104bfb5e54,811725.0,ok
br_comercio_exterior_servicos_audiovisuais,outras_publicacoes,Comércio Exterior de Serviços Audiovisuais 2017,Estudo,27/12/2017,2016,pdf,https://www.gov.br/ancine/pt-br/oca/resolveuid/692bd11579be4b6ba32d1a8e342d68aa,https://www.gov.br/ancine/pt-br/oca/publicacoes-2/outras-publicacoes,2026-05-23,3,datasets/br-comercio-exterior-servicos-audiovisuais/snapshots/2026-05-23/comercio-exterior-de-servicos-audiovisuais-2017.pdf,013cf89cc17c6f1a486b5e332411e86e93e688d661390abbd2ae8461bfe290d5,881297.0,ok
br_comercio_exterior_servicos_audiovisuais,outras_publicacoes,Comércio Exterior de Serviços Audiovisuais Ano-Base 2017,Estudo,04/11/2021,2017,pdf,https://www.gov.br/ancine/pt-br/oca/resolveuid/61b2ce8d41a945e782ca7ad107636381,https://www.gov.br/ancine/pt-br/oca/publicacoes-2/outras-publicacoes,2026-05-23,3,datasets/br-comercio-exterior-servicos-audiovisuais/snapshots/2026-05-23/comercio-exterior-de-servicos-audiovisuais-ano-base-2017.pdf,cb52071e56805375d05db04300db4527d093fb7ecb6d96e97d651d894875ed71,1416372.0,ok
br_comercio_exterior_servicos_audiovisuais,outras_publicacoes,Comércio Exterior de Serviços Audiovisuais Ano-Base 2018,Estudo,04/11/2021,2018,pdf,https://www.gov.br/ancine/pt-br/oca/resolveuid/0dc20c82cfd64a10af53e64a141a15d4,https://www.gov.br/ancine/pt-br/oca/publicacoes-2/outras-publicacoes,2026-05-23,3,datasets/br-comercio-exterior-servicos-audiovisuais/snapshots/2026-05-23/comercio-exterior-de-servicos-audiovisuais-ano-base-2018.pdf,667089cef5912c1f91b6ba0d16b09bc2f31ae124df20a345277a25b3f013f3cb,1385876.0,ok
br_comercio_exterior_servicos_audiovisuais,outras_publicacoes,Comércio Exterior de Serviços Audiovisuais Ano-Base 2019,Estudo,04/11/2021,2019,pdf,https://www.gov.br/ancine/pt-br/oca/resolveuid/5c8cf11479a5472abe8adc08c2bbd1b2,https://www.gov.br/ancine/pt-br/oca/publicacoes-2/outras-publicacoes,2026-05-23,3,datasets/br-comercio-exterior-servicos-audiovisuais/snapshots/2026-05-23/comercio-exterior-de-servicos-audiovisuais-ano-base-2019.pdf,daf10333eb004a9d26525d4403ba4d9cb677ba6746c04653c6af2984e081c5fe,1555040.0,ok
br_comex_bens_audiovisuais,mdic_comexstat,Base de dados bruta Comex Stat por NCM,Microdados CSV,,1997-2026,html,https://www.gov.br/mdic/pt-br/assuntos/comercio-exterior/estatisticas/base-de-dados-bruta,https://www.gov.br/mdic/pt-br/assuntos/comercio-exterior/estatisticas/base-de-dados-bruta,2026-05-23,9,datasets/br-comex-bens-audiovisuais/snapshots/2026-05-23/source.txt,,,referencia_url
br_embrafilme_historico_exibicao,mercado_cinema,"Arrecadação de Filmes Nacionais e Estrangeiros nas Capitais, no Interior e nos Municípios (Embrafilme)",Tabela e Gráfico,19/12/2008,1983 - 1987,pdf,https://www.gov.br/ancine/pt-br/oca/cinema/arquivos-pdf/arrecadacao-de-filmes-nacionais-e-estrangeiros-nas-capitais-no-interior-e-nos-municipios-embrafilme.pdf,https://www.gov.br/ancine/pt-br/oca/publicacoes-2/mercado-audiovisual-brasileiro/cinema,2026-05-23,3,datasets/br-embrafilme-historico-exibicao/snapshots/2026-05-23/arrecadacao-de-filmes-nacionais-e-estrangeiros-nas-capitais-no-interior-e-nos-municipios-embrafilme.pdf,e08906e8c93a6fd5588b7c7496a393c1e84b50e51b4f9c6a30214bfde6798acd,39748.0,ok
br_embrafilme_historico_exibicao,mercado_cinema,Arrecadação de Filmes Nacionais e Estrangeiros nos Municípios por Faixa de Habitantes (Embrafilme),Tabela e Gráfico,19/12/2008,1983 - 1987,pdf,https://www.gov.br/ancine/pt-br/oca/cinema/arquivos-pdf/arrecadacao-de-filmes-nacionais-e-estrangeiros-nos-municipios-por-faixa-de-habitantes-embrafilme.pdf,https://www.gov.br/ancine/pt-br/oca/publicacoes-2/mercado-audiovisual-brasileiro/cinema,2026-05-23,3,datasets/br-embrafilme-historico-exibicao/snapshots/2026-05-23/arrecadacao-de-filmes-nacionais-e-estrangeiros-nos-municipios-por-faixa-de-habitantes-embrafilme.pdf,4dbee05db5db963586fbe75ee13deffd2364db6958dfb33c7ba5cd4f274946b5,17274.0,ok
br_embrafilme_historico_exibicao,mercado_cinema,Arrecadação de Filmes Nacionais e Estrangeiros por Região do Brasil (Embrafilme),Tabela e Gráfico,19/12/2008,1982 - 1986,pdf,https://www.gov.br/ancine/pt-br/oca/cinema/arquivos-pdf/arrecadacao-de-filmes-nacionais-e-estrangeiros-por-regiao-do-brasil-embrafilme.pdf,https://www.gov.br/ancine/pt-br/oca/publicacoes-2/mercado-audiovisual-brasileiro/cinema,2026-05-23,3,datasets/br-embrafilme-historico-exibicao/snapshots/2026-05-23/arrecadacao-de-filmes-nacionais-e-estrangeiros-por-regiao-do-brasil-embrafilme.pdf,e3da2be6d0c07fd8f937228964ecadf3c62cba2b83212ea54befcf277aeb4bbd,13950.0,ok
br_embrafilme_historico_exibicao,mercado_cinema,Arrecadação de Filmes Nacionais e Estrangeiros por UF (Embrafilme),Tabela e Gráfico,19/12/2008,1986 - 1982,pdf,https://www.gov.br/ancine/pt-br/oca/cinema/arquivos-pdf/arrecadacao-de-filmes-nacionais-e-estrangeiros-por-uf-embrafilme.pdf,https://www.gov.br/ancine/pt-br/oca/publicacoes-2/mercado-audiovisual-brasileiro/cinema,2026-05-23,3,datasets/br-embrafilme-historico-exibicao/snapshots/2026-05-23/arrecadacao-de-filmes-nacionais-e-estrangeiros-por-uf-embrafilme.pdf,80b265ff05f0180822beab3bfd4aac03036de15dcbb07fbc344236d1881b02de,29199.0,ok
br_embrafilme_historico_exibicao,mercado_cinema,Arrecadação de Filmes nacionais e Estrangeiros no Brasil (Embrafilme),Tabela e Gráfico,19/12/2008,1983 - 1987,pdf,https://www.gov.br/ancine/pt-br/oca/cinema/arquivos-pdf/arrecadacao-de-filmes-nacionais-e-estrangeiros-no-brasil-embrafilme.pdf,https://www.gov.br/ancine/pt-br/oca/publicacoes-2/mercado-audiovisual-brasileiro/cinema,2026-05-23,3,datasets/br-embrafilme-historico-exibicao/snapshots/2026-05-23/arrecadacao-de-filmes-nacionais-e-estrangeiros-no-brasil-embrafilme.pdf,838c28e53859a6ef7e1fa2f7d569a0649163ce98dd59605f4ba2f8aaa6951816,19766.0,ok
br_embrafilme_historico_exibicao,mercado_cinema,Espectadores de Filmes Nacionais e Estrangeiros nas Capitais e no Interior (Embrafilme),Tabela e Gráfico,19/12/2008,1983 - 1987,pdf,https://www.gov.br/ancine/pt-br/oca/cinema/arquivos-pdf/espectadores-de-filmes-nacionais-e-estrangeiros-nas-capitais-e-no-interior-embrafilme.pdf,https://www.gov.br/ancine/pt-br/oca/publicacoes-2/mercado-audiovisual-brasileiro/cinema,2026-05-23,3,datasets/br-embrafilme-historico-exibicao/snapshots/2026-05-23/espectadores-de-filmes-nacionais-e-estrangeiros-nas-capitais-e-no-interior-embrafilme.pdf,6c16f27aa59cd3d2e5c54572a8f261e1e4a6747ac3a0c166be9ea77ef1c74392,18711.0,ok
br_embrafilme_historico_exibicao,mercado_cinema,Espectadores de Filmes Nacionais e Estrangeiros no Brasil (Embrafilme),Tabela e Gráfico,19/12/2008,1983 - 1987,pdf,https://www.gov.br/ancine/pt-br/oca/cinema/arquivos-pdf/espectadores-de-filmes-nacionais-e-estrangeiros-no-brasil-embrafilme.pdf,https://www.gov.br/ancine/pt-br/oca/publicacoes-2/mercado-audiovisual-brasileiro/cinema,2026-05-23,3,datasets/br-embrafilme-historico-exibicao/snapshots/2026-05-23/espectadores-de-filmes-nacionais-e-estrangeiros-no-brasil-embrafilme.pdf,97dc66fbbe371b87ee2f5f0b39e939feb492ef36ecbf6c85842e3bdb1025171a,14183.0,ok
br_embrafilme_historico_exibicao,mercado_cinema,Espectadores de Filmes Nacionais e Estrangeiros por Região do Brasil (Embrafilme),Tabela e Gráfico,19/12/2008,1982 - 1986,pdf,https://www.gov.br/ancine/pt-br/oca/cinema/arquivos-pdf/espectadores-de-filmes-nacionais-e-estrangeiros-por-regiao-do-brasil-embrafilme.pdf,https://www.gov.br/ancine/pt-br/oca/publicacoes-2/mercado-audiovisual-brasileiro/cinema,2026-05-23,3,datasets/br-embrafilme-historico-exibicao/snapshots/2026-05-23/espectadores-de-filmes-nacionais-e-estrangeiros-por-regiao-do-brasil-embrafilme.pdf,9e765509217fb24e2b76a7845536f3b87d97752a644f7c959297e6ebe421adb5,13610.0,ok
br_embrafilme_historico_exibicao,mercado_cinema,Espectadores de Filmes Nacionais e Estrangeiros por UF (Embrafilme),Tabela e Gráfico,19/12/2008,1982 - 1986,pdf,https://www.gov.br/ancine/pt-br/oca/cinema/arquivos-pdf/espectadores-de-filmes-nacionais-e-estrangeiros-por-uf-embrafilme.pdf,https://www.gov.br/ancine/pt-br/oca/publicacoes-2/mercado-audiovisual-brasileiro/cinema,2026-05-23,3,datasets/br-embrafilme-historico-exibicao/snapshots/2026-05-23/espectadores-de-filmes-nacionais-e-estrangeiros-por-uf-embrafilme.pdf,e303373706d422440f9f5557d5177bed4b45eeb322246192a38162dd13d40521,94019.0,ok
br_embrafilme_historico_exibicao,mercado_cinema,Espectadores nas Principais Capitais (Embrafilme),Tabela e Gráfico,19/12/2008,1983 - 1987,pdf,https://www.gov.br/ancine/pt-br/oca/cinema/arquivos-pdf/espectadores-nas-principais-capitais-embrafilme.pdf,https://www.gov.br/ancine/pt-br/oca/publicacoes-2/mercado-audiovisual-brasileiro/cinema,2026-05-23,3,datasets/br-embrafilme-historico-exibicao/snapshots/2026-05-23/espectadores-nas-principais-capitais-embrafilme.pdf,71f5e27139f3114f81ab4a1cfa256b6f2a2210fb2bda9341400a7e674a723fdb,20347.0,ok
br_embrafilme_historico_exibicao,mercado_cinema,Lugares Oferecidos para Filmes Nacionais e Estrangeiros no Brasil (Embrafilme),Tabela e Gráfico,19/12/2008,1983 - 1987,pdf,https://www.gov.br/ancine/pt-br/oca/cinema/arquivos-pdf/lugares-oferecidos-para-filmes-nacionais-e-estrangeiros-no-brasil-embrafilme.pdf,https://www.gov.br/ancine/pt-br/oca/publicacoes-2/mercado-audiovisual-brasileiro/cinema,2026-05-23,3,datasets/br-embrafilme-historico-exibicao/snapshots/2026-05-23/lugares-oferecidos-para-filmes-nacionais-e-estrangeiros-no-brasil-embrafilme.pdf,06f1eda177e95407f905d606e0929665fe3b9283a2c76d29883420cc325435e3,23239.0,ok
br_embrafilme_historico_exibicao,mercado_cinema,Lugares Oferecidos para Filmes Nacionais e Estrangeiros por Região do Brasil (Embrafilme),Tabela e Gráfico,19/12/2008,1982 - 1986,pdf,https://www.gov.br/ancine/pt-br/oca/cinema/arquivos-pdf/lugares-oferecidos-para-filmes-nacionais-e-estrangeiros-por-regiao-do-brasil-embrafilme.pdf,https://www.gov.br/ancine/pt-br/oca/publicacoes-2/mercado-audiovisual-brasileiro/cinema,2026-05-23,3,datasets/br-embrafilme-historico-exibicao/snapshots/2026-05-23/lugares-oferecidos-para-filmes-nacionais-e-estrangeiros-por-regiao-do-brasil-embrafilme.pdf,9923678c09dbe7994b337b40feec215b952835df4083f4460eb821ab99581f9d,13765.0,ok
br_embrafilme_historico_exibicao,mercado_cinema,Lugares Oferecidos para Filmes Nacionais e Estrangeiros por UF (Embrafilme),Tabela e Gráfico,19/12/2008,1982 - 1986,pdf,https://www.gov.br/ancine/pt-br/oca/cinema/arquivos-pdf/lugares-oferecidos-para-filmes-nacionais-e-estrangeiros-por-uf-embrafilme.pdf,https://www.gov.br/ancine/pt-br/oca/publicacoes-2/mercado-audiovisual-brasileiro/cinema,2026-05-23,3,datasets/br-embrafilme-historico-exibicao/snapshots/2026-05-23/lugares-oferecidos-para-filmes-nacionais-e-estrangeiros-por-uf-embrafilme.pdf,13b240dda12fdd1b240cafb71f2ffeebae000b8a99707a78efa262c6f49d4e1e,74547.0,ok
br_pib_audiovisual,outras_publicacoes,Valor Adicionado pelo Setor Audiovisual 2013,Estudo,09/11/2015,2013,pdf,https://www.gov.br/ancine/pt-br/oca/resolveuid/e45654edc00d4b06b734b400bc6e4a1e,https://www.gov.br/ancine/pt-br/oca/publicacoes-2/outras-publicacoes,2026-05-23,3,datasets/br-pib-audiovisual/snapshots/2026-05-23/valor-adicionado-pelo-setor-audiovisual-2013.pdf,2948a6710faae28a18d90a1ef75a4349a095476b3ab6b29f603c03289a269559,541048.0,ok
br_pib_audiovisual,outras_publicacoes,Valor Adicionado pelo Setor Audiovisual 2014,Estudo,07/10/2016,2014,pdf,https://www.gov.br/ancine/pt-br/oca/resolveuid/7fa76a7c6d794a23a9bc8df16a51df1a,https://www.gov.br/ancine/pt-br/oca/publicacoes-2/outras-publicacoes,2026-05-23,3,datasets/br-pib-audiovisual/snapshots/2026-05-23/valor-adicionado-pelo-setor-audiovisual-2014.pdf,1b0d6401a3ca59afb0a724ce50a36be4cb62cb6a2e7707fbea898dbe1b2c4101,672671.0,ok
br_pib_audiovisual,outras_publicacoes,Valor Adicionado pelo Setor Audiovisual 2015,Estudo,18/11/2020,2015,pdf,https://www.gov.br/ancine/pt-br/oca/resolveuid/91009965bd5041ec9b9ab3c59a47982f,https://www.gov.br/ancine/pt-br/oca/publicacoes-2/outras-publicacoes,2026-05-23,3,datasets/br-pib-audiovisual/snapshots/2026-05-23/valor-adicionado-pelo-setor-audiovisual-2015.pdf,12d638a99ac332405666ff0ca8c8da253c37e73d50cce075aa066b3a25de402e,708370.0,ok
br_pib_audiovisual,outras_publicacoes,Valor Adicionado pelo Setor Audiovisual 2016,Estudo,18/11/2020,2016,pdf,https://www.gov.br/ancine/pt-br/oca/resolveuid/a9bf1fb79cc545d7933e9f9744e4c0f4,https://www.gov.br/ancine/pt-br/oca/publicacoes-2/outras-publicacoes,2026-05-23,3,datasets/br-pib-audiovisual/snapshots/2026-05-23/valor-adicionado-pelo-setor-audiovisual-2016.pdf,9f4d41bee912fc7591c72937b0b41f2d207d0bbceac6e5af57cbd6a5abeb11d2,724073.0,ok
br_pib_audiovisual,outras_publicacoes,Valor Adicionado pelo Setor Audiovisual 2017,Estudo,18/11/2020,2017,pdf,https://www.gov.br/ancine/pt-br/oca/resolveuid/4f549173467242b890602b0b493f0bb5,https://www.gov.br/ancine/pt-br/oca/publicacoes-2/outras-publicacoes,2026-05-23,3,datasets/br-pib-audiovisual/snapshots/2026-05-23/valor-adicionado-pelo-setor-audiovisual-2017.pdf,cc8ff4650a35cd90d25790f204ac6b2c599e9d86dec405435f890feb12936699,725965.0,ok
br_pib_audiovisual,outras_publicacoes,Valor Adicionado pelo Setor Audiovisual 2018,Estudo,18/11/2020,2018,pdf,https://www.gov.br/ancine/pt-br/oca/resolveuid/366ae002dae342e0a639a41159f233f3,https://www.gov.br/ancine/pt-br/oca/publicacoes-2/outras-publicacoes,2026-05-23,3,datasets/br-pib-audiovisual/snapshots/2026-05-23/valor-adicionado-pelo-setor-audiovisual-2018.pdf,9cd71f9d92b15014b1b864911d538bfc8fbe2807dd4726458440f93b0efabb0c,728363.0,ok
br_pib_audiovisual,outras_publicacoes,Valor Adicionado pelo Setor Audiovisual 2019,Estudo,23/12/2021,2019,pdf,https://www.gov.br/ancine/pt-br/oca/resolveuid/bd4f7d2608e541608e151c168da6d823,https://www.gov.br/ancine/pt-br/oca/publicacoes-2/outras-publicacoes,2026-05-23,3,datasets/br-pib-audiovisual/snapshots/2026-05-23/valor-adicionado-pelo-setor-audiovisual-2019.pdf,466478ca195bae267f19041c5f2ef972c21796e549a462bb808c841452f8afb5,787498.0,ok
br_rais_emprego_audiovisual,outras_publicacoes,Emprego no Setor Audiovisual 2017,Estudo,21/06/2017,2015,pdf,https://www.gov.br/ancine/pt-br/oca/resolveuid/d58b0e812f1d43678fe34024f66c5492,https://www.gov.br/ancine/pt-br/oca/publicacoes-2/outras-publicacoes,2026-05-23,3,datasets/br-rais-emprego-audiovisual/snapshots/2026-05-23/emprego-no-setor-audiovisual-2017.pdf,7509a747a04464a1a5a699d2d5e441cbcbc339053af396fd43f762e041b47699,1468739.0,ok
br_rais_emprego_audiovisual,outras_publicacoes,Emprego no Setor Audiovisual 2018,Estudo,09/05/2018,2016,pdf,https://www.gov.br/ancine/pt-br/oca/resolveuid/743cf2fac87c4b599db919f08b99f5b8,https://www.gov.br/ancine/pt-br/oca/publicacoes-2/outras-publicacoes,2026-05-23,3,datasets/br-rais-emprego-audiovisual/snapshots/2026-05-23/emprego-no-setor-audiovisual-2018.pdf,60a013642e01e4650b2497c2abdad16ffb181835fa479be9b988c14286a58141,874962.0,ok
br_rais_emprego_audiovisual,outras_publicacoes,Emprego no Setor Audiovisual 2019,Estudo,23/12/2021,2019,pdf,https://www.gov.br/ancine/pt-br/oca/resolveuid/992a10f5cca0463eb9b61541e9ceaba5,https://www.gov.br/ancine/pt-br/oca/publicacoes-2/outras-publicacoes,2026-05-23,3,datasets/br-rais-emprego-audiovisual/snapshots/2026-05-23/emprego-no-setor-audiovisual-2019.pdf,96bd7afc796a6dee59e37d1ff169a18726cab74356046b0f04bf225d776f6cb9,1464051.0,ok
